============================================================
Monotonic LaTeX Publication Pipeline
============================================================
Repository      : diagnostic-coordinates
Source          : template.tex
Index           : template.index.tsv
Output          : rsvp-evolution.tex
Granularity     : section
Structural units: 697
Source lines    : 19766
Dry run         : 0
Restart         : 0
Compile checks  : 0
Push at end     : 1
Log             : publish-20260802-195308.log
State           : .git/publish-rsvp-evolution.tex.state
============================================================

------------------------------------------------------------
Initialization
------------------------------------------------------------
Copy source lines 1-127
Destination: rsvp-evolution.tex
Commit: [structure] Initialize RSVP evolution manuscript
[main 650a4d8] [structure] Initialize RSVP evolution manuscript
 1 file changed, 127 insertions(+)
 create mode 100644 rsvp-evolution.tex

------------------------------------------------------------
[1/697]
------------------------------------------------------------
Type       : chapter
Category   : chapter
Title      : A Note on This Draft
Source     : lines 128-140
Destination: rsvp-evolution.tex
Commit     : [chapter] Add A Note on This Draft
[main fa45b83] [chapter] Add A Note on This Draft
 1 file changed, 13 insertions(+)

------------------------------------------------------------
[2/697]
------------------------------------------------------------
Type       : part
Category   : part
Title      : Foundations of Organization
Source     : lines 141-142
Destination: rsvp-evolution.tex
Commit     : [part] Begin Foundations of Organization
[main 8ae1fda] [part] Begin Foundations of Organization
 1 file changed, 2 insertions(+)

------------------------------------------------------------
[3/697]
------------------------------------------------------------
Type       : chapter
Category   : chapter
Title      : Introduction
Source     : lines 143-144
Destination: rsvp-evolution.tex
Commit     : [chapter] Add Introduction
[main 3620704] [chapter] Add Introduction
 1 file changed, 2 insertions(+)

------------------------------------------------------------
[4/697]
------------------------------------------------------------
Type       : section
Category   : physics
Title      : Why Another Theory?
Source     : lines 145-195
Destination: rsvp-evolution.tex
Commit     : [physics][section] Add Why Another Theory?
[main 92284ce] [physics][section] Add Why Another Theory?
 1 file changed, 51 insertions(+)

------------------------------------------------------------
[5/697]
------------------------------------------------------------
Type       : section
Category   : semantics
Title      : The Repository as Research Record
Source     : lines 196-227
Destination: rsvp-evolution.tex
Commit     : [semantics][section] Add The Repository as Research Record
[main 8676184] [semantics][section] Add The Repository as Research Record
 1 file changed, 32 insertions(+)

------------------------------------------------------------
[6/697]
------------------------------------------------------------
Type       : section
Category   : ontology
Title      : From Language to Physics
Source     : lines 228-264
Destination: rsvp-evolution.tex
Commit     : [ontology][section] Add From Language to Physics
[main c187a66] [ontology][section] Add From Language to Physics
 1 file changed, 37 insertions(+)

------------------------------------------------------------
[7/697]
------------------------------------------------------------
Type       : section
Category   : table
Title      : A Shift in Perspective
Source     : lines 265-288
Destination: rsvp-evolution.tex
Commit     : [table][section] Add A Shift in Perspective
[main 001d92c] [table][section] Add A Shift in Perspective
 1 file changed, 24 insertions(+)

------------------------------------------------------------
[8/697]
------------------------------------------------------------
Type       : section
Category   : ontology
Title      : The RSVP Program
Source     : lines 289-319
Destination: rsvp-evolution.tex
Commit     : [ontology][section] Add The RSVP Program
[main 640b058] [ontology][section] Add The RSVP Program
 1 file changed, 31 insertions(+)

------------------------------------------------------------
[9/697]
------------------------------------------------------------
Type       : section
Category   : ontology
Title      : How to Read This Book
Source     : lines 320-348
Destination: rsvp-evolution.tex
Commit     : [ontology][section] Add How to Read This Book
[main ebde38c] [ontology][section] Add How to Read This Book
 1 file changed, 29 insertions(+)

------------------------------------------------------------
[10/697]
------------------------------------------------------------
Type       : chapter
Category   : chapter
Title      : Two Lines of Evidence: Language and Biology
Source     : lines 349-350
Destination: rsvp-evolution.tex
Commit     : [chapter] Add Two Lines of Evidence: Language and Biology
[main 2feb3db] [chapter] Add Two Lines of Evidence: Language and Biology
 1 file changed, 2 insertions(+)

------------------------------------------------------------
[11/697]
------------------------------------------------------------
Type       : section
Category   : semantics
Title      : The Unexpected Starting Point
Source     : lines 351-381
Destination: rsvp-evolution.tex
Commit     : [semantics][section] Add The Unexpected Starting Point
[main 2ee9929] [semantics][section] Add The Unexpected Starting Point
 1 file changed, 31 insertions(+)

------------------------------------------------------------
[12/697]
------------------------------------------------------------
Type       : section
Category   : semantics
Title      : Against Isolated Symbols
Source     : lines 382-409
Destination: rsvp-evolution.tex
Commit     : [semantics][section] Add Against Isolated Symbols
[main 5c8edb0] [semantics][section] Add Against Isolated Symbols
 1 file changed, 28 insertions(+)

------------------------------------------------------------
[13/697]
------------------------------------------------------------
Type       : section
Category   : semantics
Title      : Against Isolated Neurons
Source     : lines 410-434
Destination: rsvp-evolution.tex
Commit     : [semantics][section] Add Against Isolated Neurons
[main b564144] [semantics][section] Add Against Isolated Neurons
 1 file changed, 25 insertions(+)

------------------------------------------------------------
[14/697]
------------------------------------------------------------
Type       : section
Category   : admissibility
Title      : Meaning as Constraint
Source     : lines 435-453
Destination: rsvp-evolution.tex
Commit     : [admissibility][section] Add Meaning as Constraint
[main bbe1453] [admissibility][section] Add Meaning as Constraint
 1 file changed, 19 insertions(+)

------------------------------------------------------------
[15/697]
------------------------------------------------------------
Type       : section
Category   : admissibility
Title      : Prediction as Constraint
Source     : lines 454-480
Destination: rsvp-evolution.tex
Commit     : [admissibility][section] Add Prediction as Constraint
[main 50ea0f9] [admissibility][section] Add Prediction as Constraint
 1 file changed, 27 insertions(+)

------------------------------------------------------------
[16/697]
------------------------------------------------------------
Type       : section
Category   : definition
Title      : Distinction Before Representation
Source     : lines 481-538
Destination: rsvp-evolution.tex
Commit     : [definition][section] Add Distinction Before Representation
[main 126681c] [definition][section] Add Distinction Before Representation
 1 file changed, 58 insertions(+)

------------------------------------------------------------
[17/697]
------------------------------------------------------------
Type       : section
Category   : semantics
Title      : Structural Semantics
Source     : lines 539-553
Destination: rsvp-evolution.tex
Commit     : [semantics][section] Add Structural Semantics
[main 19d224c] [semantics][section] Add Structural Semantics
 1 file changed, 15 insertions(+)

------------------------------------------------------------
[18/697]
------------------------------------------------------------
Type       : section
Category   : biology
Title      : Hierarchical Organization
Source     : lines 554-575
Destination: rsvp-evolution.tex
Commit     : [biology][section] Add Hierarchical Organization
[main 164a66f] [biology][section] Add Hierarchical Organization
 1 file changed, 22 insertions(+)

------------------------------------------------------------
[19/697]
------------------------------------------------------------
Type       : section
Category   : physics
Title      : Toward Information
Source     : lines 576-601
Destination: rsvp-evolution.tex
Commit     : [physics][section] Add Toward Information
[main 34c3cca] [physics][section] Add Toward Information
 1 file changed, 26 insertions(+)

------------------------------------------------------------
[20/697]
------------------------------------------------------------
Type       : chapter
Category   : chapter
Title      : Information, Entropy, and the Persistence of Distinction
Source     : lines 602-603
Destination: rsvp-evolution.tex
Commit     : [chapter] Add Information, Entropy, and the Persistence of Distinction
[main ce3c20e] [chapter] Add Information, Entropy, and the Persistence of Distinction
 1 file changed, 2 insertions(+)

------------------------------------------------------------
[21/697]
------------------------------------------------------------
Type       : section
Category   : admissibility
Title      : From Meaning to Information
Source     : lines 604-643
Destination: rsvp-evolution.tex
Commit     : [admissibility][section] Add From Meaning to Information
[main 50d2f51] [admissibility][section] Add From Meaning to Information
 1 file changed, 40 insertions(+)

------------------------------------------------------------
[22/697]
------------------------------------------------------------
Type       : section
Category   : semantics
Title      : Distinction as the Primitive Quantity
Source     : lines 644-671
Destination: rsvp-evolution.tex
Commit     : [semantics][section] Add Distinction as the Primitive Quantity
[main ce0b6b6] [semantics][section] Add Distinction as the Primitive Quantity
 1 file changed, 28 insertions(+)

------------------------------------------------------------
[23/697]
------------------------------------------------------------
Type       : section
Category   : physics
Title      : Entropy as the Cost of Maintaining Difference
Source     : lines 672-701
Destination: rsvp-evolution.tex
Commit     : [physics][section] Add Entropy as the Cost of Maintaining Difference
[main 92b8195] [physics][section] Add Entropy as the Cost of Maintaining Difference
 1 file changed, 30 insertions(+)

------------------------------------------------------------
[24/697]
------------------------------------------------------------
Type       : section
Category   : semantics
Title      : Compression and Scientific Explanation
Source     : lines 702-731
Destination: rsvp-evolution.tex
Commit     : [semantics][section] Add Compression and Scientific Explanation
[main 152ae40] [semantics][section] Add Compression and Scientific Explanation
 1 file changed, 30 insertions(+)

------------------------------------------------------------
[25/697]
------------------------------------------------------------
Type       : section
Category   : physics
Title      : Information Requires Physical Support
Source     : lines 732-756
Destination: rsvp-evolution.tex
Commit     : [physics][section] Add Information Requires Physical Support
[main fca443d] [physics][section] Add Information Requires Physical Support
 1 file changed, 25 insertions(+)

------------------------------------------------------------
[26/697]
------------------------------------------------------------
Type       : section
Category   : ontology
Title      : The Failure of Static Ontologies
Source     : lines 757-788
Destination: rsvp-evolution.tex
Commit     : [ontology][section] Add The Failure of Static Ontologies
[main 4deb108] [ontology][section] Add The Failure of Static Ontologies
 1 file changed, 32 insertions(+)

------------------------------------------------------------
[27/697]
------------------------------------------------------------
Type       : section
Category   : admissibility
Title      : Toward Dynamic Structure
Source     : lines 789-812
Destination: rsvp-evolution.tex
Commit     : [admissibility][section] Add Toward Dynamic Structure
[main 20ec556] [admissibility][section] Add Toward Dynamic Structure
 1 file changed, 24 insertions(+)

------------------------------------------------------------
[28/697]
------------------------------------------------------------
Type       : section
Category   : physics
Title      : The Need for Geometry
Source     : lines 813-844
Destination: rsvp-evolution.tex
Commit     : [physics][section] Add The Need for Geometry
[main d669942] [physics][section] Add The Need for Geometry
 1 file changed, 32 insertions(+)

------------------------------------------------------------
[29/697]
------------------------------------------------------------
Type       : chapter
Category   : chapter
Title      : Geometry Before Representation
Source     : lines 845-846
Destination: rsvp-evolution.tex
Commit     : [chapter] Add Geometry Before Representation
[main 2434b8b] [chapter] Add Geometry Before Representation
 1 file changed, 2 insertions(+)

------------------------------------------------------------
[30/697]
------------------------------------------------------------
Type       : section
Category   : physics
Title      : A Change in Mathematical Priority
Source     : lines 847-872
Destination: rsvp-evolution.tex
Commit     : [physics][section] Add A Change in Mathematical Priority
[main e128464] [physics][section] Add A Change in Mathematical Priority
 1 file changed, 26 insertions(+)

------------------------------------------------------------
[31/697]
------------------------------------------------------------
Type       : section
Category   : semantics
Title      : Coordinates Are Not Geometry
Source     : lines 873-909
Destination: rsvp-evolution.tex
Commit     : [semantics][section] Add Coordinates Are Not Geometry
[main 1a81861] [semantics][section] Add Coordinates Are Not Geometry
 1 file changed, 37 insertions(+)

------------------------------------------------------------
[32/697]
------------------------------------------------------------
Type       : section
Category   : biology
Title      : Topology Before Measurement
Source     : lines 910-936
Destination: rsvp-evolution.tex
Commit     : [biology][section] Add Topology Before Measurement
[main e5cae62] [biology][section] Add Topology Before Measurement
 1 file changed, 27 insertions(+)

------------------------------------------------------------
[33/697]
------------------------------------------------------------
Type       : section
Category   : admissibility
Title      : Constraint as Geometry
Source     : lines 937-961
Destination: rsvp-evolution.tex
Commit     : [admissibility][section] Add Constraint as Geometry
[main f83fc0f] [admissibility][section] Add Constraint as Geometry
 1 file changed, 25 insertions(+)

------------------------------------------------------------
[34/697]
------------------------------------------------------------
Type       : section
Category   : semantics
Title      : Representation as Projection
Source     : lines 962-989
Destination: rsvp-evolution.tex
Commit     : [semantics][section] Add Representation as Projection
[main db6f87d] [semantics][section] Add Representation as Projection
 1 file changed, 28 insertions(+)

------------------------------------------------------------
[35/697]
------------------------------------------------------------
Type       : section
Category   : semantics
Title      : From Objects to Trajectories
Source     : lines 990-1023
Destination: rsvp-evolution.tex
Commit     : [semantics][section] Add From Objects to Trajectories
[main 628be4c] [semantics][section] Add From Objects to Trajectories
 1 file changed, 34 insertions(+)

------------------------------------------------------------
[36/697]
------------------------------------------------------------
Type       : section
Category   : physics
Title      : Fields Rather Than Containers
Source     : lines 1024-1055
Destination: rsvp-evolution.tex
Commit     : [physics][section] Add Fields Rather Than Containers
[main 50eb8a5] [physics][section] Add Fields Rather Than Containers
 1 file changed, 32 insertions(+)

------------------------------------------------------------
[37/697]
------------------------------------------------------------
Type       : section
Category   : admissibility
Title      : The Geometry of Possibility
Source     : lines 1056-1078
Destination: rsvp-evolution.tex
Commit     : [admissibility][section] Add The Geometry of Possibility
[main db66c29] [admissibility][section] Add The Geometry of Possibility
 1 file changed, 23 insertions(+)

------------------------------------------------------------
[38/697]
------------------------------------------------------------
Type       : section
Category   : admissibility
Title      : Toward Admissibility
Source     : lines 1079-1105
Destination: rsvp-evolution.tex
Commit     : [admissibility][section] Add Toward Admissibility
[main 7c2e514] [admissibility][section] Add Toward Admissibility
 1 file changed, 27 insertions(+)

------------------------------------------------------------
[39/697]
------------------------------------------------------------
Type       : chapter
Category   : chapter
Title      : Admissibility: The Mathematics of Persistence
Source     : lines 1106-1107
Destination: rsvp-evolution.tex
Commit     : [chapter] Add Admissibility: The Mathematics of Persistence
[main a91449e] [chapter] Add Admissibility: The Mathematics of Persistence
 1 file changed, 2 insertions(+)

------------------------------------------------------------
[40/697]
------------------------------------------------------------
Type       : section
Category   : admissibility
Title      : From Geometry to Evolution
Source     : lines 1108-1142
Destination: rsvp-evolution.tex
Commit     : [admissibility][section] Add From Geometry to Evolution
[main c6a774c] [admissibility][section] Add From Geometry to Evolution
 1 file changed, 35 insertions(+)

------------------------------------------------------------
[41/697]
------------------------------------------------------------
Type       : section
Category   : admissibility
Title      : The Informal Idea
Source     : lines 1143-1179
Destination: rsvp-evolution.tex
Commit     : [admissibility][section] Add The Informal Idea
[main a4ea772] [admissibility][section] Add The Informal Idea
 1 file changed, 37 insertions(+)

------------------------------------------------------------
[42/697]
------------------------------------------------------------
Type       : section
Category   : definition
Title      : Admissible Evolution
Source     : lines 1180-1266
Destination: rsvp-evolution.tex
Commit     : [definition][section] Add Admissible Evolution
[main 5ee8f3a] [definition][section] Add Admissible Evolution
 1 file changed, 87 insertions(+)

------------------------------------------------------------
[43/697]
------------------------------------------------------------
Type       : section
Category   : definition
Title      : Admissible Trajectories
Source     : lines 1267-1307
Destination: rsvp-evolution.tex
Commit     : [definition][section] Add Admissible Trajectories
[main f36b50e] [definition][section] Add Admissible Trajectories
 1 file changed, 41 insertions(+)

------------------------------------------------------------
[44/697]
------------------------------------------------------------
Type       : section
Category   : formalism
Title      : Violation
Source     : lines 1308-1355
Destination: rsvp-evolution.tex
Commit     : [formalism][section] Add Violation
[main ec329cd] [formalism][section] Add Violation
 1 file changed, 48 insertions(+)

------------------------------------------------------------
[45/697]
------------------------------------------------------------
Type       : section
Category   : admissibility
Title      : Persistence Rather Than Perfection
Source     : lines 1356-1377
Destination: rsvp-evolution.tex
Commit     : [admissibility][section] Add Persistence Rather Than Perfection
[main 686ffe7] [admissibility][section] Add Persistence Rather Than Perfection
 1 file changed, 22 insertions(+)

------------------------------------------------------------
[46/697]
------------------------------------------------------------
Type       : section
Category   : admissibility
Title      : Universality
Source     : lines 1378-1400
Destination: rsvp-evolution.tex
Commit     : [admissibility][section] Add Universality
[main cfb0fec] [admissibility][section] Add Universality
 1 file changed, 23 insertions(+)

------------------------------------------------------------
[47/697]
------------------------------------------------------------
Type       : section
Category   : admissibility
Title      : A Principle of Organization
Source     : lines 1401-1424
Destination: rsvp-evolution.tex
Commit     : [admissibility][section] Add A Principle of Organization
[main df376dc] [admissibility][section] Add A Principle of Organization
 1 file changed, 24 insertions(+)

------------------------------------------------------------
[48/697]
------------------------------------------------------------
Type       : section
Category   : theorem
Title      : Hierarchical Admissibility
Source     : lines 1425-1460
Destination: rsvp-evolution.tex
Commit     : [theorem][section] Add Hierarchical Admissibility
[main 2d8d641] [theorem][section] Add Hierarchical Admissibility
 1 file changed, 36 insertions(+)

------------------------------------------------------------
[49/697]
------------------------------------------------------------
Type       : section
Category   : admissibility
Title      : Looking Forward
Source     : lines 1461-1483
Destination: rsvp-evolution.tex
Commit     : [admissibility][section] Add Looking Forward
[main 47d02cc] [admissibility][section] Add Looking Forward
 1 file changed, 23 insertions(+)

------------------------------------------------------------
[50/697]
------------------------------------------------------------
Type       : chapter
Category   : chapter
Title      : Repair: Dynamics Beyond Evolution
Source     : lines 1484-1485
Destination: rsvp-evolution.tex
Commit     : [chapter] Add Repair: Dynamics Beyond Evolution
[main fa6af99] [chapter] Add Repair: Dynamics Beyond Evolution
 1 file changed, 2 insertions(+)

------------------------------------------------------------
[51/697]
------------------------------------------------------------
Type       : section
Category   : formalism
Title      : Why Dynamics Alone Are Insufficient
Source     : lines 1486-1529
Destination: rsvp-evolution.tex
Commit     : [formalism][section] Add Why Dynamics Alone Are Insufficient
[main 865562c] [formalism][section] Add Why Dynamics Alone Are Insufficient
 1 file changed, 44 insertions(+)

------------------------------------------------------------
[52/697]
------------------------------------------------------------
Type       : section
Category   : formalism
Title      : Failure is Informative
Source     : lines 1530-1560
Destination: rsvp-evolution.tex
Commit     : [formalism][section] Add Failure is Informative
[main 66250e5] [formalism][section] Add Failure is Informative
 1 file changed, 31 insertions(+)

------------------------------------------------------------
[53/697]
------------------------------------------------------------
Type       : section
Category   : definition
Title      : Repair Operators
Source     : lines 1561-1614
Destination: rsvp-evolution.tex
Commit     : [definition][section] Add Repair Operators
[main 93eb9ce] [definition][section] Add Repair Operators
 1 file changed, 54 insertions(+)

------------------------------------------------------------
[54/697]
------------------------------------------------------------
Type       : section
Category   : biology
Title      : Examples Across Disciplines
Source     : lines 1615-1639
Destination: rsvp-evolution.tex
Commit     : [biology][section] Add Examples Across Disciplines
[main 213c0f4] [biology][section] Add Examples Across Disciplines
 1 file changed, 25 insertions(+)

------------------------------------------------------------
[55/697]
------------------------------------------------------------
Type       : section
Category   : formalism
Title      : Composition of Repairs
Source     : lines 1640-1677
Destination: rsvp-evolution.tex
Commit     : [formalism][section] Add Composition of Repairs
[main 4be2216] [formalism][section] Add Composition of Repairs
 1 file changed, 38 insertions(+)

------------------------------------------------------------
[56/697]
------------------------------------------------------------
Type       : section
Category   : computation
Title      : Local and Global Repair
Source     : lines 1678-1703
Destination: rsvp-evolution.tex
Commit     : [computation][section] Add Local and Global Repair
[main eb75043] [computation][section] Add Local and Global Repair
 1 file changed, 26 insertions(+)

------------------------------------------------------------
[57/697]
------------------------------------------------------------
Type       : section
Category   : ontology
Title      : Repair Generates Identity
Source     : lines 1704-1730
Destination: rsvp-evolution.tex
Commit     : [ontology][section] Add Repair Generates Identity
[main 8850ffd] [ontology][section] Add Repair Generates Identity
 1 file changed, 27 insertions(+)

------------------------------------------------------------
[58/697]
------------------------------------------------------------
Type       : section
Category   : admissibility
Title      : Repair and Time
Source     : lines 1731-1751
Destination: rsvp-evolution.tex
Commit     : [admissibility][section] Add Repair and Time
[main 07dcbc3] [admissibility][section] Add Repair and Time
 1 file changed, 21 insertions(+)

------------------------------------------------------------
[59/697]
------------------------------------------------------------
Type       : section
Category   : formalism
Title      : Repair Before Optimization
Source     : lines 1752-1783
Destination: rsvp-evolution.tex
Commit     : [formalism][section] Add Repair Before Optimization
[main d4b3605] [formalism][section] Add Repair Before Optimization
 1 file changed, 32 insertions(+)

------------------------------------------------------------
[60/697]
------------------------------------------------------------
Type       : section
Category   : admissibility
Title      : Toward Continuation
Source     : lines 1784-1800
Destination: rsvp-evolution.tex
Commit     : [admissibility][section] Add Toward Continuation
[main 45b0857] [admissibility][section] Add Toward Continuation
 1 file changed, 17 insertions(+)

------------------------------------------------------------
[61/697]
------------------------------------------------------------
Type       : chapter
Category   : chapter
Title      : Continuation: Identity Through Time
Source     : lines 1801-1802
Destination: rsvp-evolution.tex
Commit     : [chapter] Add Continuation: Identity Through Time
[main c44ab04] [chapter] Add Continuation: Identity Through Time
 1 file changed, 2 insertions(+)

------------------------------------------------------------
[62/697]
------------------------------------------------------------
Type       : section
Category   : admissibility
Title      : The Problem of Persistence
Source     : lines 1803-1830
Destination: rsvp-evolution.tex
Commit     : [admissibility][section] Add The Problem of Persistence
[main 23d0fb9] [admissibility][section] Add The Problem of Persistence
 1 file changed, 28 insertions(+)

------------------------------------------------------------
[63/697]
------------------------------------------------------------
Type       : section
Category   : biology
Title      : Identity is Not Material Sameness
Source     : lines 1831-1861
Destination: rsvp-evolution.tex
Commit     : [biology][section] Add Identity is Not Material Sameness
[main e771485] [biology][section] Add Identity is Not Material Sameness
 1 file changed, 31 insertions(+)

------------------------------------------------------------
[64/697]
------------------------------------------------------------
Type       : section
Category   : definition
Title      : Continuation as a Primitive Concept
Source     : lines 1862-1908
Destination: rsvp-evolution.tex
Commit     : [definition][section] Add Continuation as a Primitive Concept
[main 65a3219] [definition][section] Add Continuation as a Primitive Concept
 1 file changed, 47 insertions(+)

------------------------------------------------------------
[65/697]
------------------------------------------------------------
Type       : section
Category   : admissibility
Title      : Trajectories Replace Snapshots
Source     : lines 1909-1935
Destination: rsvp-evolution.tex
Commit     : [admissibility][section] Add Trajectories Replace Snapshots
[main 68c24d4] [admissibility][section] Add Trajectories Replace Snapshots
 1 file changed, 27 insertions(+)

------------------------------------------------------------
[66/697]
------------------------------------------------------------
Type       : section
Category   : formalism
Title      : The Continuation Relation
Source     : lines 1936-1974
Destination: rsvp-evolution.tex
Commit     : [formalism][section] Add The Continuation Relation
[main 084041e] [formalism][section] Add The Continuation Relation
 1 file changed, 39 insertions(+)

------------------------------------------------------------
[67/697]
------------------------------------------------------------
Type       : section
Category   : admissibility
Title      : Memory as Structural Continuation
Source     : lines 1975-1999
Destination: rsvp-evolution.tex
Commit     : [admissibility][section] Add Memory as Structural Continuation
[main 27f66d2] [admissibility][section] Add Memory as Structural Continuation
 1 file changed, 25 insertions(+)

------------------------------------------------------------
[68/697]
------------------------------------------------------------
Type       : section
Category   : admissibility
Title      : The Continuity of Function
Source     : lines 2000-2021
Destination: rsvp-evolution.tex
Commit     : [admissibility][section] Add The Continuity of Function
[main 845c404] [admissibility][section] Add The Continuity of Function
 1 file changed, 22 insertions(+)

------------------------------------------------------------
[69/697]
------------------------------------------------------------
Type       : section
Category   : admissibility
Title      : Continuation Across Scales
Source     : lines 2022-2044
Destination: rsvp-evolution.tex
Commit     : [admissibility][section] Add Continuation Across Scales
[main c9ac4bf] [admissibility][section] Add Continuation Across Scales
 1 file changed, 23 insertions(+)

------------------------------------------------------------
[70/697]
------------------------------------------------------------
Type       : section
Category   : admissibility
Title      : The Arrow of Organization
Source     : lines 2045-2064
Destination: rsvp-evolution.tex
Commit     : [admissibility][section] Add The Arrow of Organization
[main 9c76b26] [admissibility][section] Add The Arrow of Organization
 1 file changed, 20 insertions(+)

------------------------------------------------------------
[71/697]
------------------------------------------------------------
Type       : section
Category   : ontology
Title      : Toward Field Ontology
Source     : lines 2065-2095
Destination: rsvp-evolution.tex
Commit     : [ontology][section] Add Toward Field Ontology
[main a155a70] [ontology][section] Add Toward Field Ontology
 1 file changed, 31 insertions(+)

------------------------------------------------------------
[72/697]
------------------------------------------------------------
Type       : chapter
Category   : chapter
Title      : From Continuation to Plenum
Source     : lines 2096-2097
Destination: rsvp-evolution.tex
Commit     : [chapter] Add From Continuation to Plenum
[main 88dffd9] [chapter] Add From Continuation to Plenum
 1 file changed, 2 insertions(+)

------------------------------------------------------------
[73/697]
------------------------------------------------------------
Type       : section
Category   : ontology
Title      : A Change of Ontology
Source     : lines 2098-2125
Destination: rsvp-evolution.tex
Commit     : [ontology][section] Add A Change of Ontology
[main 04332e4] [ontology][section] Add A Change of Ontology
 1 file changed, 28 insertions(+)

------------------------------------------------------------
[74/697]
------------------------------------------------------------
Type       : section
Category   : ontology
Title      : Why Not Begin With Particles?
Source     : lines 2126-2149
Destination: rsvp-evolution.tex
Commit     : [ontology][section] Add Why Not Begin With Particles?
[main 3785ec7] [ontology][section] Add Why Not Begin With Particles?
 1 file changed, 24 insertions(+)

------------------------------------------------------------
[75/697]
------------------------------------------------------------
Type       : section
Category   : admissibility
Title      : The Meaning of Plenum
Source     : lines 2150-2175
Destination: rsvp-evolution.tex
Commit     : [admissibility][section] Add The Meaning of Plenum
[main 6492a9a] [admissibility][section] Add The Meaning of Plenum
 1 file changed, 26 insertions(+)

------------------------------------------------------------
[76/697]
------------------------------------------------------------
Type       : section
Category   : physics
Title      : Scalar and Vector Structure
Source     : lines 2176-2204
Destination: rsvp-evolution.tex
Commit     : [physics][section] Add Scalar and Vector Structure
[main 98d0143] [physics][section] Add Scalar and Vector Structure
 1 file changed, 29 insertions(+)

------------------------------------------------------------
[77/697]
------------------------------------------------------------
Type       : section
Category   : admissibility
Title      : Relativity as a Structural Constraint
Source     : lines 2205-2225
Destination: rsvp-evolution.tex
Commit     : [admissibility][section] Add Relativity as a Structural Constraint
[main d609878] [admissibility][section] Add Relativity as a Structural Constraint
 1 file changed, 21 insertions(+)

------------------------------------------------------------
[78/697]
------------------------------------------------------------
Type       : section
Category   : ontology
Title      : Objects Become Stable Trajectories
Source     : lines 2226-2249
Destination: rsvp-evolution.tex
Commit     : [ontology][section] Add Objects Become Stable Trajectories
[main 39a784f] [ontology][section] Add Objects Become Stable Trajectories
 1 file changed, 24 insertions(+)

------------------------------------------------------------
[79/697]
------------------------------------------------------------
Type       : section
Category   : ontology
Title      : Diagnostic Coordinates
Source     : lines 2250-2277
Destination: rsvp-evolution.tex
Commit     : [ontology][section] Add Diagnostic Coordinates
[main abc0602] [ontology][section] Add Diagnostic Coordinates
 1 file changed, 28 insertions(+)

------------------------------------------------------------
[80/697]
------------------------------------------------------------
Type       : section
Category   : admissibility
Title      : Field Dynamics Before Objects
Source     : lines 2278-2314
Destination: rsvp-evolution.tex
Commit     : [admissibility][section] Add Field Dynamics Before Objects
[main eae7669] [admissibility][section] Add Field Dynamics Before Objects
 1 file changed, 37 insertions(+)

------------------------------------------------------------
[81/697]
------------------------------------------------------------
Type       : section
Category   : ontology
Title      : The Road Ahead
Source     : lines 2315-2343
Destination: rsvp-evolution.tex
Commit     : [ontology][section] Add The Road Ahead
[main e64d570] [ontology][section] Add The Road Ahead
 1 file changed, 29 insertions(+)

------------------------------------------------------------
[82/697]
------------------------------------------------------------
Type       : chapter
Category   : chapter
Title      : The Geometry of the Plenum
Source     : lines 2344-2345
Destination: rsvp-evolution.tex
Commit     : [chapter] Add The Geometry of the Plenum
[main fcbca9c] [chapter] Add The Geometry of the Plenum
 1 file changed, 2 insertions(+)

------------------------------------------------------------
[83/697]
------------------------------------------------------------
Type       : section
Category   : ontology
Title      : The Plenum as Configuration Space
Source     : lines 2346-2366
Destination: rsvp-evolution.tex
Commit     : [ontology][section] Add The Plenum as Configuration Space
[main aa4073c] [ontology][section] Add The Plenum as Configuration Space
 1 file changed, 21 insertions(+)

------------------------------------------------------------
[84/697]
------------------------------------------------------------
Type       : section
Category   : formalism
Title      : The Configuration Manifold
Source     : lines 2367-2407
Destination: rsvp-evolution.tex
Commit     : [formalism][section] Add The Configuration Manifold
[main 32acab2] [formalism][section] Add The Configuration Manifold
 1 file changed, 41 insertions(+)

------------------------------------------------------------
[85/697]
------------------------------------------------------------
Type       : section
Category   : physics
Title      : Neighborhoods of Continuation
Source     : lines 2408-2424
Destination: rsvp-evolution.tex
Commit     : [physics][section] Add Neighborhoods of Continuation
[main f330159] [physics][section] Add Neighborhoods of Continuation
 1 file changed, 17 insertions(+)

------------------------------------------------------------
[86/697]
------------------------------------------------------------
Type       : section
Category   : formalism
Title      : Boundaries
Source     : lines 2425-2448
Destination: rsvp-evolution.tex
Commit     : [formalism][section] Add Boundaries
[main bfa0c28] [formalism][section] Add Boundaries
 1 file changed, 24 insertions(+)

------------------------------------------------------------
[87/697]
------------------------------------------------------------
Type       : section
Category   : physics
Title      : Curvature as Organizational Response
Source     : lines 2449-2468
Destination: rsvp-evolution.tex
Commit     : [physics][section] Add Curvature as Organizational Response
[main d83c797] [physics][section] Add Curvature as Organizational Response
 1 file changed, 20 insertions(+)

------------------------------------------------------------
[88/697]
------------------------------------------------------------
Type       : section
Category   : formalism
Title      : Localized Stability
Source     : lines 2469-2506
Destination: rsvp-evolution.tex
Commit     : [formalism][section] Add Localized Stability
[main 29d091b] [formalism][section] Add Localized Stability
 1 file changed, 38 insertions(+)

------------------------------------------------------------
[89/697]
------------------------------------------------------------
Type       : section
Category   : admissibility
Title      : Field Repair
Source     : lines 2507-2528
Destination: rsvp-evolution.tex
Commit     : [admissibility][section] Add Field Repair
[main f92c3a4] [admissibility][section] Add Field Repair
 1 file changed, 22 insertions(+)

------------------------------------------------------------
[90/697]
------------------------------------------------------------
Type       : section
Category   : formalism
Title      : Observers
Source     : lines 2529-2567
Destination: rsvp-evolution.tex
Commit     : [formalism][section] Add Observers
[main b0f8d61] [formalism][section] Add Observers
 1 file changed, 39 insertions(+)

------------------------------------------------------------
[91/697]
------------------------------------------------------------
Type       : section
Category   : physics
Title      : Emergence of Physical Law
Source     : lines 2568-2586
Destination: rsvp-evolution.tex
Commit     : [physics][section] Add Emergence of Physical Law
[main 517c26b] [physics][section] Add Emergence of Physical Law
 1 file changed, 19 insertions(+)

------------------------------------------------------------
[92/697]
------------------------------------------------------------
Type       : section
Category   : admissibility
Title      : Toward Dynamics
Source     : lines 2587-2604
Destination: rsvp-evolution.tex
Commit     : [admissibility][section] Add Toward Dynamics
[main dc56945] [admissibility][section] Add Toward Dynamics
 1 file changed, 18 insertions(+)

------------------------------------------------------------
[93/697]
------------------------------------------------------------
Type       : chapter
Category   : chapter
Title      : Dynamics of the Scalar--Vector Plenum
Source     : lines 2605-2606
Destination: rsvp-evolution.tex
Commit     : [chapter] Add Dynamics of the Scalar--Vector Plenum
[main 77a1835] [chapter] Add Dynamics of the Scalar--Vector Plenum
 1 file changed, 2 insertions(+)

------------------------------------------------------------
[94/697]
------------------------------------------------------------
Type       : section
Category   : physics
Title      : From Configuration to Evolution
Source     : lines 2607-2625
Destination: rsvp-evolution.tex
Commit     : [physics][section] Add From Configuration to Evolution
[main 21fbc08] [physics][section] Add From Configuration to Evolution
 1 file changed, 19 insertions(+)

------------------------------------------------------------
[95/697]
------------------------------------------------------------
Type       : section
Category   : formalism
Title      : The State of the Plenum
Source     : lines 2626-2672
Destination: rsvp-evolution.tex
Commit     : [formalism][section] Add The State of the Plenum
[main 12e2f10] [formalism][section] Add The State of the Plenum
 1 file changed, 47 insertions(+)

------------------------------------------------------------
[96/697]
------------------------------------------------------------
Type       : section
Category   : formalism
Title      : Evolution Operator
Source     : lines 2673-2707
Destination: rsvp-evolution.tex
Commit     : [formalism][section] Add Evolution Operator
[main 834e8bc] [formalism][section] Add Evolution Operator
 1 file changed, 35 insertions(+)

------------------------------------------------------------
[97/697]
------------------------------------------------------------
Type       : section
Category   : formalism
Title      : The Principle of Minimum Structural Violation
Source     : lines 2708-2739
Destination: rsvp-evolution.tex
Commit     : [formalism][section] Add The Principle of Minimum Structural Violation
[main 578e5e0] [formalism][section] Add The Principle of Minimum Structural Violation
 1 file changed, 32 insertions(+)

------------------------------------------------------------
[98/697]
------------------------------------------------------------
Type       : section
Category   : physics
Title      : Structural Tension
Source     : lines 2740-2766
Destination: rsvp-evolution.tex
Commit     : [physics][section] Add Structural Tension
[main 85dcc88] [physics][section] Add Structural Tension
 1 file changed, 27 insertions(+)

------------------------------------------------------------
[99/697]
------------------------------------------------------------
Type       : section
Category   : physics
Title      : Propagation
Source     : lines 2767-2791
Destination: rsvp-evolution.tex
Commit     : [physics][section] Add Propagation
[main 1162bdd] [physics][section] Add Propagation
 1 file changed, 25 insertions(+)

------------------------------------------------------------
[100/697]
------------------------------------------------------------
Type       : section
Category   : physics
Title      : Emergent Objects
Source     : lines 2792-2821
Destination: rsvp-evolution.tex
Commit     : [physics][section] Add Emergent Objects
[main ca6aaa4] [physics][section] Add Emergent Objects
 1 file changed, 30 insertions(+)

------------------------------------------------------------
[101/697]
------------------------------------------------------------
Type       : section
Category   : physics
Title      : Scale Independence
Source     : lines 2822-2844
Destination: rsvp-evolution.tex
Commit     : [physics][section] Add Scale Independence
[main 14feef9] [physics][section] Add Scale Independence
 1 file changed, 23 insertions(+)

------------------------------------------------------------
[102/697]
------------------------------------------------------------
Type       : section
Category   : physics
Title      : Toward Conservation
Source     : lines 2845-2873
Destination: rsvp-evolution.tex
Commit     : [physics][section] Add Toward Conservation
[main 4fc2d16] [physics][section] Add Toward Conservation
 1 file changed, 29 insertions(+)

------------------------------------------------------------
[103/697]
------------------------------------------------------------
Type       : chapter
Category   : chapter
Title      : Symmetry, Invariance, and Conservation
Source     : lines 2874-2875
Destination: rsvp-evolution.tex
Commit     : [chapter] Add Symmetry, Invariance, and Conservation
[main 6805a86] [chapter] Add Symmetry, Invariance, and Conservation
 1 file changed, 2 insertions(+)

------------------------------------------------------------
[104/697]
------------------------------------------------------------
Type       : section
Category   : admissibility
Title      : Why Symmetry Matters
Source     : lines 2876-2901
Destination: rsvp-evolution.tex
Commit     : [admissibility][section] Add Why Symmetry Matters
[main 4854f55] [admissibility][section] Add Why Symmetry Matters
 1 file changed, 26 insertions(+)

------------------------------------------------------------
[105/697]
------------------------------------------------------------
Type       : section
Category   : definition
Title      : Invariance Before Conservation
Source     : lines 2902-2945
Destination: rsvp-evolution.tex
Commit     : [definition][section] Add Invariance Before Conservation
[main a07a8f5] [definition][section] Add Invariance Before Conservation
 1 file changed, 44 insertions(+)

------------------------------------------------------------
[106/697]
------------------------------------------------------------
Type       : section
Category   : physics
Title      : Symmetry as Indifference
Source     : lines 2946-2970
Destination: rsvp-evolution.tex
Commit     : [physics][section] Add Symmetry as Indifference
[main 718f4a0] [physics][section] Add Symmetry as Indifference
 1 file changed, 25 insertions(+)

------------------------------------------------------------
[107/697]
------------------------------------------------------------
Type       : section
Category   : formalism
Title      : The Geometry of Symmetry
Source     : lines 2971-3009
Destination: rsvp-evolution.tex
Commit     : [formalism][section] Add The Geometry of Symmetry
[main 74b8fbd] [formalism][section] Add The Geometry of Symmetry
 1 file changed, 39 insertions(+)

------------------------------------------------------------
[108/697]
------------------------------------------------------------
Type       : section
Category   : formalism
Title      : Conservation as Persistent Structure
Source     : lines 3010-3043
Destination: rsvp-evolution.tex
Commit     : [formalism][section] Add Conservation as Persistent Structure
[main bd3c457] [formalism][section] Add Conservation as Persistent Structure
 1 file changed, 34 insertions(+)

------------------------------------------------------------
[109/697]
------------------------------------------------------------
Type       : section
Category   : physics
Title      : Broken Symmetry
Source     : lines 3044-3069
Destination: rsvp-evolution.tex
Commit     : [physics][section] Add Broken Symmetry
[main a2c65da] [physics][section] Add Broken Symmetry
 1 file changed, 26 insertions(+)

------------------------------------------------------------
[110/697]
------------------------------------------------------------
Type       : section
Category   : physics
Title      : Hierarchy of Invariants
Source     : lines 3070-3090
Destination: rsvp-evolution.tex
Commit     : [physics][section] Add Hierarchy of Invariants
[main 2f760d1] [physics][section] Add Hierarchy of Invariants
 1 file changed, 21 insertions(+)

------------------------------------------------------------
[111/697]
------------------------------------------------------------
Type       : section
Category   : semantics
Title      : Conservation Beyond Physics
Source     : lines 3091-3114
Destination: rsvp-evolution.tex
Commit     : [semantics][section] Add Conservation Beyond Physics
[main 3b72bae] [semantics][section] Add Conservation Beyond Physics
 1 file changed, 24 insertions(+)

------------------------------------------------------------
[112/697]
------------------------------------------------------------
Type       : section
Category   : physics
Title      : Toward the Action Principle
Source     : lines 3115-3139
Destination: rsvp-evolution.tex
Commit     : [physics][section] Add Toward the Action Principle
[main f6610bf] [physics][section] Add Toward the Action Principle
 1 file changed, 25 insertions(+)

------------------------------------------------------------
[113/697]
------------------------------------------------------------
Type       : chapter
Category   : chapter
Title      : The Variational Principle of Admissibility
Source     : lines 3140-3141
Destination: rsvp-evolution.tex
Commit     : [chapter] Add The Variational Principle of Admissibility
[main 14707ac] [chapter] Add The Variational Principle of Admissibility
 1 file changed, 2 insertions(+)

------------------------------------------------------------
[114/697]
------------------------------------------------------------
Type       : section
Category   : physics
Title      : The Role of Variational Principles
Source     : lines 3142-3166
Destination: rsvp-evolution.tex
Commit     : [physics][section] Add The Role of Variational Principles
[main 32bc086] [physics][section] Add The Role of Variational Principles
 1 file changed, 25 insertions(+)

------------------------------------------------------------
[115/697]
------------------------------------------------------------
Type       : section
Category   : formalism
Title      : Beyond Least Action
Source     : lines 3167-3196
Destination: rsvp-evolution.tex
Commit     : [formalism][section] Add Beyond Least Action
[main 50b32b1] [formalism][section] Add Beyond Least Action
 1 file changed, 30 insertions(+)

------------------------------------------------------------
[116/697]
------------------------------------------------------------
Type       : section
Category   : formalism
Title      : The Admissibility Functional
Source     : lines 3197-3243
Destination: rsvp-evolution.tex
Commit     : [formalism][section] Add The Admissibility Functional
[main c29df85] [formalism][section] Add The Admissibility Functional
 1 file changed, 47 insertions(+)

------------------------------------------------------------
[117/697]
------------------------------------------------------------
Type       : section
Category   : formalism
Title      : Admissible Evolution
Source     : lines 3244-3267
Destination: rsvp-evolution.tex
Commit     : [formalism][section] Add Admissible Evolution
[main 6e5ee2c] [formalism][section] Add Admissible Evolution
 1 file changed, 24 insertions(+)

------------------------------------------------------------
[118/697]
------------------------------------------------------------
Type       : section
Category   : formalism
Title      : A Schematic Decomposition
Source     : lines 3268-3324
Destination: rsvp-evolution.tex
Commit     : [formalism][section] Add A Schematic Decomposition
[main 2a7b9be] [formalism][section] Add A Schematic Decomposition
 1 file changed, 57 insertions(+)

------------------------------------------------------------
[119/697]
------------------------------------------------------------
Type       : section
Category   : physics
Title      : Repair Within the Action
Source     : lines 3325-3347
Destination: rsvp-evolution.tex
Commit     : [physics][section] Add Repair Within the Action
[main ebfeadb] [physics][section] Add Repair Within the Action
 1 file changed, 23 insertions(+)

------------------------------------------------------------
[120/697]
------------------------------------------------------------
Type       : section
Category   : formalism
Title      : Recovering Classical Physics
Source     : lines 3348-3383
Destination: rsvp-evolution.tex
Commit     : [formalism][section] Add Recovering Classical Physics
[main 810e64c] [formalism][section] Add Recovering Classical Physics
 1 file changed, 36 insertions(+)

------------------------------------------------------------
[121/697]
------------------------------------------------------------
Type       : section
Category   : formalism
Title      : Extremals and Persistence
Source     : lines 3384-3409
Destination: rsvp-evolution.tex
Commit     : [formalism][section] Add Extremals and Persistence
[main e9d6de7] [formalism][section] Add Extremals and Persistence
 1 file changed, 26 insertions(+)

------------------------------------------------------------
[122/697]
------------------------------------------------------------
Type       : section
Category   : formalism
Title      : Open Mathematical Questions
Source     : lines 3410-3436
Destination: rsvp-evolution.tex
Commit     : [formalism][section] Add Open Mathematical Questions
[main 4e3d94d] [formalism][section] Add Open Mathematical Questions
 1 file changed, 27 insertions(+)

------------------------------------------------------------
[123/697]
------------------------------------------------------------
Type       : section
Category   : ontology
Title      : Toward Diagnostic Coordinates
Source     : lines 3437-3451
Destination: rsvp-evolution.tex
Commit     : [ontology][section] Add Toward Diagnostic Coordinates
[main f5246e9] [ontology][section] Add Toward Diagnostic Coordinates
 1 file changed, 15 insertions(+)

------------------------------------------------------------
[124/697]
------------------------------------------------------------
Type       : chapter
Category   : chapter
Title      : Deriving the RSVP Lagrangian
Source     : lines 3452-3453
Destination: rsvp-evolution.tex
Commit     : [chapter] Add Deriving the RSVP Lagrangian
[main af3085a] [chapter] Add Deriving the RSVP Lagrangian
 1 file changed, 2 insertions(+)

------------------------------------------------------------
[125/697]
------------------------------------------------------------
Type       : section
Category   : physics
Title      : Why a Lagrangian Formulation?
Source     : lines 3454-3482
Destination: rsvp-evolution.tex
Commit     : [physics][section] Add Why a Lagrangian Formulation?
[main 76d87a6] [physics][section] Add Why a Lagrangian Formulation?
 1 file changed, 29 insertions(+)

------------------------------------------------------------
[126/697]
------------------------------------------------------------
Type       : section
Category   : formalism
Title      : Physical Principles: Locality, Covariance, and Admissibility
Source     : lines 3483-3617
Destination: rsvp-evolution.tex
Commit     : [formalism][section] Add Physical Principles: Locality, Covariance, and Admissibility
[main ebeb5b9] [formalism][section] Add Physical Principles: Locality, Covariance, and Admissibility
 1 file changed, 135 insertions(+)

------------------------------------------------------------
[127/697]
------------------------------------------------------------
Type       : section
Category   : definition
Title      : Local Violation and Repair Densities
Source     : lines 3618-3688
Destination: rsvp-evolution.tex
Commit     : [definition][section] Add Local Violation and Repair Densities
[main 8303dc7] [definition][section] Add Local Violation and Repair Densities
 1 file changed, 71 insertions(+)

------------------------------------------------------------
[128/697]
------------------------------------------------------------
Type       : section
Category   : formalism
Title      : General Form of the RSVP Action
Source     : lines 3689-3774
Destination: rsvp-evolution.tex
Commit     : [formalism][section] Add General Form of the RSVP Action
[main 6e18e68] [formalism][section] Add General Form of the RSVP Action
 1 file changed, 86 insertions(+)

------------------------------------------------------------
[129/697]
------------------------------------------------------------
Type       : section
Category   : formalism
Title      : Primitive Variables
Source     : lines 3775-3817
Destination: rsvp-evolution.tex
Commit     : [formalism][section] Add Primitive Variables
[main 0012bf2] [formalism][section] Add Primitive Variables
 1 file changed, 43 insertions(+)

------------------------------------------------------------
[130/697]
------------------------------------------------------------
Type       : section
Category   : formalism
Title      : Scalar and Vector Sector Construction
Source     : lines 3818-4048
Destination: rsvp-evolution.tex
Commit     : [formalism][section] Add Scalar and Vector Sector Construction
[main 5c8dc16] [formalism][section] Add Scalar and Vector Sector Construction
 1 file changed, 231 insertions(+)

------------------------------------------------------------
[131/697]
------------------------------------------------------------
Type       : section
Category   : physics
Title      : Looking Forward
Source     : lines 4049-4064
Destination: rsvp-evolution.tex
Commit     : [physics][section] Add Looking Forward
[main f462247] [physics][section] Add Looking Forward
 1 file changed, 16 insertions(+)

------------------------------------------------------------
[132/697]
------------------------------------------------------------
Type       : chapter
Category   : chapter
Title      : Euler--Lagrange Equations for the RSVP Action
Source     : lines 4065-4066
Destination: rsvp-evolution.tex
Commit     : [chapter] Add Euler--Lagrange Equations for the RSVP Action
[main 354cc2d] [chapter] Add Euler--Lagrange Equations for the RSVP Action
 1 file changed, 2 insertions(+)

------------------------------------------------------------
[133/697]
------------------------------------------------------------
Type       : section
Category   : formalism
Title      : Stationarity of the Action
Source     : lines 4067-4089
Destination: rsvp-evolution.tex
Commit     : [formalism][section] Add Stationarity of the Action
[main edc8117] [formalism][section] Add Stationarity of the Action
 1 file changed, 23 insertions(+)

------------------------------------------------------------
[134/697]
------------------------------------------------------------
Type       : section
Category   : formalism
Title      : Variation with Respect to the Scalar Field
Source     : lines 4090-4138
Destination: rsvp-evolution.tex
Commit     : [formalism][section] Add Variation with Respect to the Scalar Field
[main 869567f] [formalism][section] Add Variation with Respect to the Scalar Field
 1 file changed, 49 insertions(+)

------------------------------------------------------------
[135/697]
------------------------------------------------------------
Type       : section
Category   : formalism
Title      : Variation with Respect to the Vector Field
Source     : lines 4139-4171
Destination: rsvp-evolution.tex
Commit     : [formalism][section] Add Variation with Respect to the Vector Field
[main e94dc85] [formalism][section] Add Variation with Respect to the Vector Field
 1 file changed, 33 insertions(+)

------------------------------------------------------------
[136/697]
------------------------------------------------------------
Type       : section
Category   : physics
Title      : Interpretation
Source     : lines 4172-4191
Destination: rsvp-evolution.tex
Commit     : [physics][section] Add Interpretation
[main f38bfab] [physics][section] Add Interpretation
 1 file changed, 20 insertions(+)

------------------------------------------------------------
[137/697]
------------------------------------------------------------
Type       : section
Category   : formalism
Title      : The Admissible Limit
Source     : lines 4192-4231
Destination: rsvp-evolution.tex
Commit     : [formalism][section] Add The Admissible Limit
[main 510db8c] [formalism][section] Add The Admissible Limit
 1 file changed, 40 insertions(+)

------------------------------------------------------------
[138/697]
------------------------------------------------------------
Type       : section
Category   : formalism
Title      : Violation Dynamics
Source     : lines 4232-4255
Destination: rsvp-evolution.tex
Commit     : [formalism][section] Add Violation Dynamics
[main daafe9c] [formalism][section] Add Violation Dynamics
 1 file changed, 24 insertions(+)

------------------------------------------------------------
[139/697]
------------------------------------------------------------
Type       : section
Category   : admissibility
Title      : Well-Posedness
Source     : lines 4256-4269
Destination: rsvp-evolution.tex
Commit     : [admissibility][section] Add Well-Posedness
[main d0c8bc6] [admissibility][section] Add Well-Posedness
 1 file changed, 14 insertions(+)

------------------------------------------------------------
[140/697]
------------------------------------------------------------
Type       : section
Category   : physics
Title      : Toward the Stress--Energy Tensor
Source     : lines 4270-4286
Destination: rsvp-evolution.tex
Commit     : [physics][section] Add Toward the Stress--Energy Tensor
[main 17fbb0f] [physics][section] Add Toward the Stress--Energy Tensor
 1 file changed, 17 insertions(+)

------------------------------------------------------------
[141/697]
------------------------------------------------------------
Type       : chapter
Category   : chapter
Title      : The Stress--Energy Tensor and Organizational Currents
Source     : lines 4287-4288
Destination: rsvp-evolution.tex
Commit     : [chapter] Add The Stress--Energy Tensor and Organizational Currents
[main 0514c91] [chapter] Add The Stress--Energy Tensor and Organizational Currents
 1 file changed, 2 insertions(+)

------------------------------------------------------------
[142/697]
------------------------------------------------------------
Type       : section
Category   : physics
Title      : The Physical Meaning of Energy
Source     : lines 4289-4309
Destination: rsvp-evolution.tex
Commit     : [physics][section] Add The Physical Meaning of Energy
[main 9eeb12e] [physics][section] Add The Physical Meaning of Energy
 1 file changed, 21 insertions(+)

------------------------------------------------------------
[143/697]
------------------------------------------------------------
Type       : section
Category   : formalism
Title      : Variation with Respect to the Metric
Source     : lines 4310-4349
Destination: rsvp-evolution.tex
Commit     : [formalism][section] Add Variation with Respect to the Metric
[main 5740e2f] [formalism][section] Add Variation with Respect to the Metric
 1 file changed, 40 insertions(+)

------------------------------------------------------------
[144/697]
------------------------------------------------------------
Type       : section
Category   : formalism
Title      : Sector Decomposition
Source     : lines 4350-4387
Destination: rsvp-evolution.tex
Commit     : [formalism][section] Add Sector Decomposition
[main b88bc87] [formalism][section] Add Sector Decomposition
 1 file changed, 38 insertions(+)

------------------------------------------------------------
[145/697]
------------------------------------------------------------
Type       : section
Category   : formalism
Title      : The Scalar Contribution
Source     : lines 4388-4408
Destination: rsvp-evolution.tex
Commit     : [formalism][section] Add The Scalar Contribution
[main 073ca26] [formalism][section] Add The Scalar Contribution
 1 file changed, 21 insertions(+)

------------------------------------------------------------
[146/697]
------------------------------------------------------------
Type       : section
Category   : formalism
Title      : The Vector Contribution
Source     : lines 4409-4432
Destination: rsvp-evolution.tex
Commit     : [formalism][section] Add The Vector Contribution
[main 004e453] [formalism][section] Add The Vector Contribution
 1 file changed, 24 insertions(+)

------------------------------------------------------------
[147/697]
------------------------------------------------------------
Type       : section
Category   : formalism
Title      : Organizational Contributions
Source     : lines 4433-4467
Destination: rsvp-evolution.tex
Commit     : [formalism][section] Add Organizational Contributions
[main 7ca0e11] [formalism][section] Add Organizational Contributions
 1 file changed, 35 insertions(+)

------------------------------------------------------------
[148/697]
------------------------------------------------------------
Type       : section
Category   : formalism
Title      : Conservation
Source     : lines 4468-4487
Destination: rsvp-evolution.tex
Commit     : [formalism][section] Add Conservation
[main e747364] [formalism][section] Add Conservation
 1 file changed, 20 insertions(+)

------------------------------------------------------------
[149/697]
------------------------------------------------------------
Type       : section
Category   : formalism
Title      : Organizational Current
Source     : lines 4488-4541
Destination: rsvp-evolution.tex
Commit     : [formalism][section] Add Organizational Current
[main 6f22369] [formalism][section] Add Organizational Current
 1 file changed, 54 insertions(+)

------------------------------------------------------------
[150/697]
------------------------------------------------------------
Type       : section
Category   : physics
Title      : Observable Consequences
Source     : lines 4542-4558
Destination: rsvp-evolution.tex
Commit     : [physics][section] Add Observable Consequences
[main 092014d] [physics][section] Add Observable Consequences
 1 file changed, 17 insertions(+)

------------------------------------------------------------
[151/697]
------------------------------------------------------------
Type       : section
Category   : physics
Title      : Toward Gravitation
Source     : lines 4559-4577
Destination: rsvp-evolution.tex
Commit     : [physics][section] Add Toward Gravitation
[main ccb36fd] [physics][section] Add Toward Gravitation
 1 file changed, 19 insertions(+)

------------------------------------------------------------
[152/697]
------------------------------------------------------------
Type       : chapter
Category   : chapter
Title      : The Gravitational Limit
Source     : lines 4578-4579
Destination: rsvp-evolution.tex
Commit     : [chapter] Add The Gravitational Limit
[main 9f80b56] [chapter] Add The Gravitational Limit
 1 file changed, 2 insertions(+)

------------------------------------------------------------
[153/697]
------------------------------------------------------------
Type       : section
Category   : formalism
Title      : The Question of Gravitation
Source     : lines 4580-4605
Destination: rsvp-evolution.tex
Commit     : [formalism][section] Add The Question of Gravitation
[main 0e4184c] [formalism][section] Add The Question of Gravitation
 1 file changed, 26 insertions(+)

------------------------------------------------------------
[154/697]
------------------------------------------------------------
Type       : section
Category   : ontology
Title      : Geometry Revisited
Source     : lines 4606-4626
Destination: rsvp-evolution.tex
Commit     : [ontology][section] Add Geometry Revisited
[main c51cd12] [ontology][section] Add Geometry Revisited
 1 file changed, 21 insertions(+)

------------------------------------------------------------
[155/697]
------------------------------------------------------------
Type       : section
Category   : formalism
Title      : Effective Geometry
Source     : lines 4627-4648
Destination: rsvp-evolution.tex
Commit     : [formalism][section] Add Effective Geometry
[main 5663e52] [formalism][section] Add Effective Geometry
 1 file changed, 22 insertions(+)

------------------------------------------------------------
[156/697]
------------------------------------------------------------
Type       : section
Category   : formalism
Title      : Organizational Sources
Source     : lines 4649-4699
Destination: rsvp-evolution.tex
Commit     : [formalism][section] Add Organizational Sources
[main cbb67cf] [formalism][section] Add Organizational Sources
 1 file changed, 51 insertions(+)

------------------------------------------------------------
[157/697]
------------------------------------------------------------
Type       : section
Category   : formalism
Title      : The Einstein Limit
Source     : lines 4700-4730
Destination: rsvp-evolution.tex
Commit     : [formalism][section] Add The Einstein Limit
[main b3880f7] [formalism][section] Add The Einstein Limit
 1 file changed, 31 insertions(+)

------------------------------------------------------------
[158/697]
------------------------------------------------------------
Type       : section
Category   : physics
Title      : Curvature as Organizational Response
Source     : lines 4731-4745
Destination: rsvp-evolution.tex
Commit     : [physics][section] Add Curvature as Organizational Response
[main c5d483c] [physics][section] Add Curvature as Organizational Response
 1 file changed, 15 insertions(+)

------------------------------------------------------------
[159/697]
------------------------------------------------------------
Type       : section
Category   : physics
Title      : Singularities
Source     : lines 4746-4769
Destination: rsvp-evolution.tex
Commit     : [physics][section] Add Singularities
[main b281f79] [physics][section] Add Singularities
 1 file changed, 24 insertions(+)

------------------------------------------------------------
[160/697]
------------------------------------------------------------
Type       : section
Category   : physics
Title      : Cosmological Organization
Source     : lines 4770-4784
Destination: rsvp-evolution.tex
Commit     : [physics][section] Add Cosmological Organization
[main 9cc9da5] [physics][section] Add Cosmological Organization
 1 file changed, 15 insertions(+)

------------------------------------------------------------
[161/697]
------------------------------------------------------------
Type       : section
Category   : formalism
Title      : Predictions and Constraints
Source     : lines 4785-4808
Destination: rsvp-evolution.tex
Commit     : [formalism][section] Add Predictions and Constraints
[main 3055376] [formalism][section] Add Predictions and Constraints
 1 file changed, 24 insertions(+)

------------------------------------------------------------
[162/697]
------------------------------------------------------------
Type       : section
Category   : admissibility
Title      : Toward Quantum Organization
Source     : lines 4809-4822
Destination: rsvp-evolution.tex
Commit     : [admissibility][section] Add Toward Quantum Organization
[main 453108d] [admissibility][section] Add Toward Quantum Organization
 1 file changed, 14 insertions(+)

------------------------------------------------------------
[163/697]
------------------------------------------------------------
Type       : chapter
Category   : chapter
Title      : Quantum Organization
Source     : lines 4823-4824
Destination: rsvp-evolution.tex
Commit     : [chapter] Add Quantum Organization
[main 610390d] [chapter] Add Quantum Organization
 1 file changed, 2 insertions(+)

------------------------------------------------------------
[164/697]
------------------------------------------------------------
Type       : section
Category   : ontology
Title      : The Quantum Problem
Source     : lines 4825-4846
Destination: rsvp-evolution.tex
Commit     : [ontology][section] Add The Quantum Problem
[main 4636e23] [ontology][section] Add The Quantum Problem
 1 file changed, 22 insertions(+)

------------------------------------------------------------
[165/697]
------------------------------------------------------------
Type       : section
Category   : formalism
Title      : The Ontological Question
Source     : lines 4847-4879
Destination: rsvp-evolution.tex
Commit     : [formalism][section] Add The Ontological Question
[main 998b558] [formalism][section] Add The Ontological Question
 1 file changed, 33 insertions(+)

------------------------------------------------------------
[166/697]
------------------------------------------------------------
Type       : section
Category   : ontology
Title      : Superposition
Source     : lines 4880-4900
Destination: rsvp-evolution.tex
Commit     : [ontology][section] Add Superposition
[main b96bda7] [ontology][section] Add Superposition
 1 file changed, 21 insertions(+)

------------------------------------------------------------
[167/697]
------------------------------------------------------------
Type       : section
Category   : physics
Title      : Measurement
Source     : lines 4901-4924
Destination: rsvp-evolution.tex
Commit     : [physics][section] Add Measurement
[main cef3822] [physics][section] Add Measurement
 1 file changed, 24 insertions(+)

------------------------------------------------------------
[168/697]
------------------------------------------------------------
Type       : section
Category   : admissibility
Title      : Probability
Source     : lines 4925-4942
Destination: rsvp-evolution.tex
Commit     : [admissibility][section] Add Probability
[main fdf30cb] [admissibility][section] Add Probability
 1 file changed, 18 insertions(+)

------------------------------------------------------------
[169/697]
------------------------------------------------------------
Type       : section
Category   : physics
Title      : Entanglement
Source     : lines 4943-4961
Destination: rsvp-evolution.tex
Commit     : [physics][section] Add Entanglement
[main 98830f8] [physics][section] Add Entanglement
 1 file changed, 19 insertions(+)

------------------------------------------------------------
[170/697]
------------------------------------------------------------
Type       : section
Category   : admissibility
Title      : Decoherence
Source     : lines 4962-4979
Destination: rsvp-evolution.tex
Commit     : [admissibility][section] Add Decoherence
[main d48f5c8] [admissibility][section] Add Decoherence
 1 file changed, 18 insertions(+)

------------------------------------------------------------
[171/697]
------------------------------------------------------------
Type       : section
Category   : physics
Title      : Classical Emergence
Source     : lines 4980-4994
Destination: rsvp-evolution.tex
Commit     : [physics][section] Add Classical Emergence
[main 9c28743] [physics][section] Add Classical Emergence
 1 file changed, 15 insertions(+)

------------------------------------------------------------
[172/697]
------------------------------------------------------------
Type       : section
Category   : admissibility
Title      : Open Problems
Source     : lines 4995-5015
Destination: rsvp-evolution.tex
Commit     : [admissibility][section] Add Open Problems
[main 0ec54fb] [admissibility][section] Add Open Problems
 1 file changed, 21 insertions(+)

------------------------------------------------------------
[173/697]
------------------------------------------------------------
Type       : section
Category   : physics
Title      : Toward a Unified Organizational Physics
Source     : lines 5016-5037
Destination: rsvp-evolution.tex
Commit     : [physics][section] Add Toward a Unified Organizational Physics
[main cd51d0b] [physics][section] Add Toward a Unified Organizational Physics
 1 file changed, 22 insertions(+)

------------------------------------------------------------
[174/697]
------------------------------------------------------------
Type       : part
Category   : part
Title      : Mathematical Structure
Source     : lines 5038-5039
Destination: rsvp-evolution.tex
Commit     : [part] Begin Mathematical Structure
[main 6519c38] [part] Begin Mathematical Structure
 1 file changed, 2 insertions(+)

------------------------------------------------------------
[175/697]
------------------------------------------------------------
Type       : chapter
Category   : chapter
Title      : A Note on Part II
Source     : lines 5040-5053
Destination: rsvp-evolution.tex
Commit     : [chapter] Add A Note on Part II
[main 8374d95] [chapter] Add A Note on Part II
 1 file changed, 14 insertions(+)

------------------------------------------------------------
[176/697]
------------------------------------------------------------
Type       : chapter
Category   : chapter
Title      : Differential Geometry of Admissible Manifolds
Source     : lines 5054-5055
Destination: rsvp-evolution.tex
Commit     : [chapter] Add Differential Geometry of Admissible Manifolds
[main aef797e] [chapter] Add Differential Geometry of Admissible Manifolds
 1 file changed, 2 insertions(+)

------------------------------------------------------------
[177/697]
------------------------------------------------------------
Type       : section
Category   : formalism
Title      : Scope and Mathematical Setting
Source     : lines 5056-5091
Destination: rsvp-evolution.tex
Commit     : [formalism][section] Add Scope and Mathematical Setting
[main b865d4c] [formalism][section] Add Scope and Mathematical Setting
 1 file changed, 36 insertions(+)

------------------------------------------------------------
[178/697]
------------------------------------------------------------
Type       : section
Category   : definition
Title      : Constraint Maps
Source     : lines 5092-5144
Destination: rsvp-evolution.tex
Commit     : [definition][section] Add Constraint Maps
[main 1aa0122] [definition][section] Add Constraint Maps
 1 file changed, 53 insertions(+)

------------------------------------------------------------
[179/697]
------------------------------------------------------------
Type       : section
Category   : theorem
Title      : The Admissible Manifold
Source     : lines 5145-5206
Destination: rsvp-evolution.tex
Commit     : [theorem][section] Add The Admissible Manifold
[main d39ef69] [theorem][section] Add The Admissible Manifold
 1 file changed, 62 insertions(+)

------------------------------------------------------------
[180/697]
------------------------------------------------------------
Type       : section
Category   : formalism
Title      : Inequality Constraints and Admissible Regions
Source     : lines 5207-5246
Destination: rsvp-evolution.tex
Commit     : [formalism][section] Add Inequality Constraints and Admissible Regions
[main a1f6b93] [formalism][section] Add Inequality Constraints and Admissible Regions
 1 file changed, 40 insertions(+)

------------------------------------------------------------
[181/697]
------------------------------------------------------------
Type       : section
Category   : theorem
Title      : Admissible Tangent Vectors
Source     : lines 5247-5326
Destination: rsvp-evolution.tex
Commit     : [theorem][section] Add Admissible Tangent Vectors
[main a9f7b78] [theorem][section] Add Admissible Tangent Vectors
 1 file changed, 80 insertions(+)

------------------------------------------------------------
[182/697]
------------------------------------------------------------
Type       : section
Category   : theorem
Title      : The Admissible Distribution
Source     : lines 5327-5376
Destination: rsvp-evolution.tex
Commit     : [theorem][section] Add The Admissible Distribution
[main 4be2c80] [theorem][section] Add The Admissible Distribution
 1 file changed, 50 insertions(+)

------------------------------------------------------------
[183/697]
------------------------------------------------------------
Type       : section
Category   : theorem
Title      : Admissible Vector Fields
Source     : lines 5377-5444
Destination: rsvp-evolution.tex
Commit     : [theorem][section] Add Admissible Vector Fields
[main 5541f94] [theorem][section] Add Admissible Vector Fields
 1 file changed, 68 insertions(+)

------------------------------------------------------------
[184/697]
------------------------------------------------------------
Type       : section
Category   : theorem
Title      : Projected Dynamics
Source     : lines 5445-5518
Destination: rsvp-evolution.tex
Commit     : [theorem][section] Add Projected Dynamics
[main f03ab02] [theorem][section] Add Projected Dynamics
 1 file changed, 74 insertions(+)

------------------------------------------------------------
[185/697]
------------------------------------------------------------
Type       : section
Category   : formalism
Title      : Explicit Projection Formula
Source     : lines 5519-5580
Destination: rsvp-evolution.tex
Commit     : [formalism][section] Add Explicit Projection Formula
[main cdfc51e] [formalism][section] Add Explicit Projection Formula
 1 file changed, 62 insertions(+)

------------------------------------------------------------
[186/697]
------------------------------------------------------------
Type       : section
Category   : definition
Title      : Violation Functionals
Source     : lines 5581-5632
Destination: rsvp-evolution.tex
Commit     : [definition][section] Add Violation Functionals
[main 662398c] [definition][section] Add Violation Functionals
 1 file changed, 52 insertions(+)

------------------------------------------------------------
[187/697]
------------------------------------------------------------
Type       : section
Category   : theorem
Title      : Repair as Gradient Flow
Source     : lines 5633-5749
Destination: rsvp-evolution.tex
Commit     : [theorem][section] Add Repair as Gradient Flow
[main bcbfb9d] [theorem][section] Add Repair as Gradient Flow
 1 file changed, 117 insertions(+)

------------------------------------------------------------
[188/697]
------------------------------------------------------------
Type       : section
Category   : theorem
Title      : Local Convergence of Repair
Source     : lines 5750-5866
Destination: rsvp-evolution.tex
Commit     : [theorem][section] Add Local Convergence of Repair
[main 357a394] [theorem][section] Add Local Convergence of Repair
 1 file changed, 117 insertions(+)

------------------------------------------------------------
[189/697]
------------------------------------------------------------
Type       : section
Category   : theorem
Title      : The Tubular Repair Map
Source     : lines 5867-5950
Destination: rsvp-evolution.tex
Commit     : [theorem][section] Add The Tubular Repair Map
[main bd098aa] [theorem][section] Add The Tubular Repair Map
 1 file changed, 84 insertions(+)

------------------------------------------------------------
[190/697]
------------------------------------------------------------
Type       : section
Category   : theorem
Title      : Evolution and Repair
Source     : lines 5951-6073
Destination: rsvp-evolution.tex
Commit     : [theorem][section] Add Evolution and Repair
[main 1005a9c] [theorem][section] Add Evolution and Repair
 1 file changed, 123 insertions(+)

------------------------------------------------------------
[191/697]
------------------------------------------------------------
Type       : section
Category   : definition
Title      : Viability at Inequality Boundaries
Source     : lines 6074-6136
Destination: rsvp-evolution.tex
Commit     : [definition][section] Add Viability at Inequality Boundaries
[main dc16d07] [definition][section] Add Viability at Inequality Boundaries
 1 file changed, 63 insertions(+)

------------------------------------------------------------
[192/697]
------------------------------------------------------------
Type       : section
Category   : theorem
Title      : Admissible Connections
Source     : lines 6137-6186
Destination: rsvp-evolution.tex
Commit     : [theorem][section] Add Admissible Connections
[main ce7eb34] [theorem][section] Add Admissible Connections
 1 file changed, 50 insertions(+)

------------------------------------------------------------
[193/697]
------------------------------------------------------------
Type       : section
Category   : definition
Title      : Admissible Geodesics
Source     : lines 6187-6221
Destination: rsvp-evolution.tex
Commit     : [definition][section] Add Admissible Geodesics
[main 8ad1170] [definition][section] Add Admissible Geodesics
 1 file changed, 35 insertions(+)

------------------------------------------------------------
[194/697]
------------------------------------------------------------
Type       : section
Category   : formalism
Title      : Constrained Variational Principle
Source     : lines 6222-6286
Destination: rsvp-evolution.tex
Commit     : [formalism][section] Add Constrained Variational Principle
[main 17aad4e] [formalism][section] Add Constrained Variational Principle
 1 file changed, 65 insertions(+)

------------------------------------------------------------
[195/697]
------------------------------------------------------------
Type       : section
Category   : definition
Title      : Extrinsic Geometry
Source     : lines 6287-6352
Destination: rsvp-evolution.tex
Commit     : [definition][section] Add Extrinsic Geometry
[main ab1983d] [definition][section] Add Extrinsic Geometry
 1 file changed, 66 insertions(+)

------------------------------------------------------------
[196/697]
------------------------------------------------------------
Type       : section
Category   : formalism
Title      : The Gauss Equation
Source     : lines 6353-6393
Destination: rsvp-evolution.tex
Commit     : [formalism][section] Add The Gauss Equation
[main f4932dc] [formalism][section] Add The Gauss Equation
 1 file changed, 41 insertions(+)

------------------------------------------------------------
[197/697]
------------------------------------------------------------
Type       : section
Category   : theorem
Title      : Local Existence of Admissible Continuation
Source     : lines 6394-6453
Destination: rsvp-evolution.tex
Commit     : [theorem][section] Add Local Existence of Admissible Continuation
[main c113a1e] [theorem][section] Add Local Existence of Admissible Continuation
 1 file changed, 60 insertions(+)

------------------------------------------------------------
[198/697]
------------------------------------------------------------
Type       : section
Category   : theorem
Title      : Global Continuation Under Completeness
Source     : lines 6454-6487
Destination: rsvp-evolution.tex
Commit     : [theorem][section] Add Global Continuation Under Completeness
[main ea7598c] [theorem][section] Add Global Continuation Under Completeness
 1 file changed, 34 insertions(+)

------------------------------------------------------------
[199/697]
------------------------------------------------------------
Type       : section
Category   : theorem
Title      : Hierarchical Admissibility as a Fibered Construction
Source     : lines 6488-6611
Destination: rsvp-evolution.tex
Commit     : [theorem][section] Add Hierarchical Admissibility as a Fibered Construction
[main c5b134c] [theorem][section] Add Hierarchical Admissibility as a Fibered Construction
 1 file changed, 124 insertions(+)

------------------------------------------------------------
[200/697]
------------------------------------------------------------
Type       : section
Category   : formalism
Title      : Field-Theoretic Extension
Source     : lines 6612-6711
Destination: rsvp-evolution.tex
Commit     : [formalism][section] Add Field-Theoretic Extension
[main 10a22a3] [formalism][section] Add Field-Theoretic Extension
 1 file changed, 100 insertions(+)

------------------------------------------------------------
[201/697]
------------------------------------------------------------
Type       : section
Category   : formalism
Title      : Summary of the Mathematical Structure
Source     : lines 6712-6783
Destination: rsvp-evolution.tex
Commit     : [formalism][section] Add Summary of the Mathematical Structure
[main b91d43a] [formalism][section] Add Summary of the Mathematical Structure
 1 file changed, 72 insertions(+)

------------------------------------------------------------
[202/697]
------------------------------------------------------------
Type       : chapter
Category   : chapter
Title      : Topology of Repair
Source     : lines 6784-6785
Destination: rsvp-evolution.tex
Commit     : [chapter] Add Topology of Repair
[main c157c5e] [chapter] Add Topology of Repair
 1 file changed, 2 insertions(+)

------------------------------------------------------------
[203/697]
------------------------------------------------------------
Type       : section
Category   : admissibility
Title      : Introduction
Source     : lines 6786-6808
Destination: rsvp-evolution.tex
Commit     : [admissibility][section] Add Introduction
[main 8720c63] [admissibility][section] Add Introduction
 1 file changed, 23 insertions(+)

------------------------------------------------------------
[204/697]
------------------------------------------------------------
Type       : section
Category   : formalism
Title      : Repair Spaces
Source     : lines 6809-6842
Destination: rsvp-evolution.tex
Commit     : [formalism][section] Add Repair Spaces
[main c1b101d] [formalism][section] Add Repair Spaces
 1 file changed, 34 insertions(+)

------------------------------------------------------------
[205/697]
------------------------------------------------------------
Type       : section
Category   : definition
Title      : Repair Paths
Source     : lines 6843-6896
Destination: rsvp-evolution.tex
Commit     : [definition][section] Add Repair Paths
[main 1df839e] [definition][section] Add Repair Paths
 1 file changed, 54 insertions(+)

------------------------------------------------------------
[206/697]
------------------------------------------------------------
Type       : section
Category   : definition
Title      : Repair Homotopy
Source     : lines 6897-6942
Destination: rsvp-evolution.tex
Commit     : [definition][section] Add Repair Homotopy
[main 639fb81] [definition][section] Add Repair Homotopy
 1 file changed, 46 insertions(+)

------------------------------------------------------------
[207/697]
------------------------------------------------------------
Type       : section
Category   : definition
Title      : Repair Classes
Source     : lines 6943-6975
Destination: rsvp-evolution.tex
Commit     : [definition][section] Add Repair Classes
[main fbab54f] [definition][section] Add Repair Classes
 1 file changed, 33 insertions(+)

------------------------------------------------------------
[208/697]
------------------------------------------------------------
Type       : section
Category   : definition
Title      : Continuation Classes
Source     : lines 6976-7004
Destination: rsvp-evolution.tex
Commit     : [definition][section] Add Continuation Classes
[main d178529] [definition][section] Add Continuation Classes
 1 file changed, 29 insertions(+)

------------------------------------------------------------
[209/697]
------------------------------------------------------------
Type       : section
Category   : definition
Title      : The Repair Index
Source     : lines 7005-7057
Destination: rsvp-evolution.tex
Commit     : [definition][section] Add The Repair Index
[main 2579b8c] [definition][section] Add The Repair Index
 1 file changed, 53 insertions(+)

------------------------------------------------------------
[210/697]
------------------------------------------------------------
Type       : section
Category   : definition
Title      : Obstructions
Source     : lines 7058-7075
Destination: rsvp-evolution.tex
Commit     : [definition][section] Add Obstructions
[main 4daefe6] [definition][section] Add Obstructions
 1 file changed, 18 insertions(+)

------------------------------------------------------------
[211/697]
------------------------------------------------------------
Type       : section
Category   : formalism
Title      : Relative Homotopy
Source     : lines 7076-7101
Destination: rsvp-evolution.tex
Commit     : [formalism][section] Add Relative Homotopy
[main 2ef03de] [formalism][section] Add Relative Homotopy
 1 file changed, 26 insertions(+)

------------------------------------------------------------
[212/697]
------------------------------------------------------------
Type       : section
Category   : definition
Title      : Repair as Deformation Retraction
Source     : lines 7102-7156
Destination: rsvp-evolution.tex
Commit     : [definition][section] Add Repair as Deformation Retraction
[main 49c2eb8] [definition][section] Add Repair as Deformation Retraction
 1 file changed, 55 insertions(+)

------------------------------------------------------------
[213/697]
------------------------------------------------------------
Type       : section
Category   : theorem
Title      : Fundamental Repair Theorem
Source     : lines 7157-7206
Destination: rsvp-evolution.tex
Commit     : [theorem][section] Add Fundamental Repair Theorem
[main 44c364c] [theorem][section] Add Fundamental Repair Theorem
 1 file changed, 50 insertions(+)

------------------------------------------------------------
[214/697]
------------------------------------------------------------
Type       : section
Category   : physics
Title      : Topological Defects
Source     : lines 7207-7231
Destination: rsvp-evolution.tex
Commit     : [physics][section] Add Topological Defects
[main 964ecad] [physics][section] Add Topological Defects
 1 file changed, 25 insertions(+)

------------------------------------------------------------
[215/697]
------------------------------------------------------------
Type       : section
Category   : definition
Title      : Continuation Through Surgery
Source     : lines 7232-7254
Destination: rsvp-evolution.tex
Commit     : [definition][section] Add Continuation Through Surgery
[main 2234729] [definition][section] Add Continuation Through Surgery
 1 file changed, 23 insertions(+)

------------------------------------------------------------
[216/697]
------------------------------------------------------------
Type       : section
Category   : admissibility
Title      : Persistence Under Repair
Source     : lines 7255-7289
Destination: rsvp-evolution.tex
Commit     : [admissibility][section] Add Persistence Under Repair
[main 2541a1f] [admissibility][section] Add Persistence Under Repair
 1 file changed, 35 insertions(+)

------------------------------------------------------------
[217/697]
------------------------------------------------------------
Type       : chapter
Category   : chapter
Title      : Category Theory of Organization
Source     : lines 7290-7291
Destination: rsvp-evolution.tex
Commit     : [chapter] Add Category Theory of Organization
[main 50435a0] [chapter] Add Category Theory of Organization
 1 file changed, 2 insertions(+)

------------------------------------------------------------
[218/697]
------------------------------------------------------------
Type       : section
Category   : physics
Title      : Why Category Theory?
Source     : lines 7292-7318
Destination: rsvp-evolution.tex
Commit     : [physics][section] Add Why Category Theory?
[main d2e270c] [physics][section] Add Why Category Theory?
 1 file changed, 27 insertions(+)

------------------------------------------------------------
[219/697]
------------------------------------------------------------
Type       : section
Category   : definition
Title      : The Organizational Category
Source     : lines 7319-7373
Destination: rsvp-evolution.tex
Commit     : [definition][section] Add The Organizational Category
[main 58261a2] [definition][section] Add The Organizational Category
 1 file changed, 55 insertions(+)

------------------------------------------------------------
[220/697]
------------------------------------------------------------
Type       : section
Category   : theorem
Title      : Identity Morphisms
Source     : lines 7374-7413
Destination: rsvp-evolution.tex
Commit     : [theorem][section] Add Identity Morphisms
[main 53de62d] [theorem][section] Add Identity Morphisms
 1 file changed, 40 insertions(+)

------------------------------------------------------------
[221/697]
------------------------------------------------------------
Type       : section
Category   : theorem
Title      : Composition
Source     : lines 7414-7495
Destination: rsvp-evolution.tex
Commit     : [theorem][section] Add Composition
[main 9eb1bc0] [theorem][section] Add Composition
 1 file changed, 82 insertions(+)

------------------------------------------------------------
[222/697]
------------------------------------------------------------
Type       : section
Category   : definition
Title      : Repair Morphisms
Source     : lines 7496-7536
Destination: rsvp-evolution.tex
Commit     : [definition][section] Add Repair Morphisms
[main 588b15f] [definition][section] Add Repair Morphisms
 1 file changed, 41 insertions(+)

------------------------------------------------------------
[223/697]
------------------------------------------------------------
Type       : section
Category   : theorem
Title      : Idempotence
Source     : lines 7537-7572
Destination: rsvp-evolution.tex
Commit     : [theorem][section] Add Idempotence
[main 6058fab] [theorem][section] Add Idempotence
 1 file changed, 36 insertions(+)

------------------------------------------------------------
[224/697]
------------------------------------------------------------
Type       : section
Category   : definition
Title      : Continuation Morphisms
Source     : lines 7573-7596
Destination: rsvp-evolution.tex
Commit     : [definition][section] Add Continuation Morphisms
[main cc42cb0] [definition][section] Add Continuation Morphisms
 1 file changed, 24 insertions(+)

------------------------------------------------------------
[225/697]
------------------------------------------------------------
Type       : section
Category   : definition
Title      : The Continuation Groupoid
Source     : lines 7597-7623
Destination: rsvp-evolution.tex
Commit     : [definition][section] Add The Continuation Groupoid
[main e71865e] [definition][section] Add The Continuation Groupoid
 1 file changed, 27 insertions(+)

------------------------------------------------------------
[226/697]
------------------------------------------------------------
Type       : section
Category   : formalism
Title      : Forgetful Functors
Source     : lines 7624-7660
Destination: rsvp-evolution.tex
Commit     : [formalism][section] Add Forgetful Functors
[main b03ffda] [formalism][section] Add Forgetful Functors
 1 file changed, 37 insertions(+)

------------------------------------------------------------
[227/697]
------------------------------------------------------------
Type       : section
Category   : definition
Title      : Repair Functors
Source     : lines 7661-7700
Destination: rsvp-evolution.tex
Commit     : [definition][section] Add Repair Functors
[main 73104e1] [definition][section] Add Repair Functors
 1 file changed, 40 insertions(+)

------------------------------------------------------------
[228/697]
------------------------------------------------------------
Type       : section
Category   : formalism
Title      : Natural Transformations
Source     : lines 7701-7734
Destination: rsvp-evolution.tex
Commit     : [formalism][section] Add Natural Transformations
[main e0c352c] [formalism][section] Add Natural Transformations
 1 file changed, 34 insertions(+)

------------------------------------------------------------
[229/697]
------------------------------------------------------------
Type       : section
Category   : formalism
Title      : Limits and Composite Systems
Source     : lines 7735-7765
Destination: rsvp-evolution.tex
Commit     : [formalism][section] Add Limits and Composite Systems
[main 7039cbf] [formalism][section] Add Limits and Composite Systems
 1 file changed, 31 insertions(+)

------------------------------------------------------------
[230/697]
------------------------------------------------------------
Type       : section
Category   : admissibility
Title      : Colimits and Integration
Source     : lines 7766-7784
Destination: rsvp-evolution.tex
Commit     : [admissibility][section] Add Colimits and Integration
[main a5c4462] [admissibility][section] Add Colimits and Integration
 1 file changed, 19 insertions(+)

------------------------------------------------------------
[231/697]
------------------------------------------------------------
Type       : section
Category   : definition
Title      : Sheaves of Organization
Source     : lines 7785-7838
Destination: rsvp-evolution.tex
Commit     : [definition][section] Add Sheaves of Organization
[main f460ed4] [definition][section] Add Sheaves of Organization
 1 file changed, 54 insertions(+)

------------------------------------------------------------
[232/697]
------------------------------------------------------------
Type       : section
Category   : physics
Title      : The Organizational Yoneda Principle
Source     : lines 7839-7862
Destination: rsvp-evolution.tex
Commit     : [physics][section] Add The Organizational Yoneda Principle
[main a7db7c6] [physics][section] Add The Organizational Yoneda Principle
 1 file changed, 24 insertions(+)

------------------------------------------------------------
[233/697]
------------------------------------------------------------
Type       : section
Category   : formalism
Title      : The Fundamental Category of Organization
Source     : lines 7863-7902
Destination: rsvp-evolution.tex
Commit     : [formalism][section] Add The Fundamental Category of Organization
[main 0dfd13e] [formalism][section] Add The Fundamental Category of Organization
 1 file changed, 40 insertions(+)

------------------------------------------------------------
[234/697]
------------------------------------------------------------
Type       : chapter
Category   : chapter
Title      : Information Geometry
Source     : lines 7903-7904
Destination: rsvp-evolution.tex
Commit     : [chapter] Add Information Geometry
[main ce578a4] [chapter] Add Information Geometry
 1 file changed, 2 insertions(+)

------------------------------------------------------------
[235/697]
------------------------------------------------------------
Type       : section
Category   : physics
Title      : From Information to Geometry
Source     : lines 7905-7923
Destination: rsvp-evolution.tex
Commit     : [physics][section] Add From Information to Geometry
[main e7f85d5] [physics][section] Add From Information to Geometry
 1 file changed, 19 insertions(+)

------------------------------------------------------------
[236/697]
------------------------------------------------------------
Type       : section
Category   : formalism
Title      : The Statistical Manifold
Source     : lines 7924-7957
Destination: rsvp-evolution.tex
Commit     : [formalism][section] Add The Statistical Manifold
[main 89a514c] [formalism][section] Add The Statistical Manifold
 1 file changed, 34 insertions(+)

------------------------------------------------------------
[237/697]
------------------------------------------------------------
Type       : section
Category   : formalism
Title      : The Fisher Metric
Source     : lines 7958-7987
Destination: rsvp-evolution.tex
Commit     : [formalism][section] Add The Fisher Metric
[main 45e4dbc] [formalism][section] Add The Fisher Metric
 1 file changed, 30 insertions(+)

------------------------------------------------------------
[238/697]
------------------------------------------------------------
Type       : section
Category   : definition
Title      : Diagnostic Coordinates
Source     : lines 7988-8009
Destination: rsvp-evolution.tex
Commit     : [definition][section] Add Diagnostic Coordinates
[main 58691b7] [definition][section] Add Diagnostic Coordinates
 1 file changed, 22 insertions(+)

------------------------------------------------------------
[239/697]
------------------------------------------------------------
Type       : section
Category   : formalism
Title      : Information Distance
Source     : lines 8010-8028
Destination: rsvp-evolution.tex
Commit     : [formalism][section] Add Information Distance
[main 6bb3168] [formalism][section] Add Information Distance
 1 file changed, 19 insertions(+)

------------------------------------------------------------
[240/697]
------------------------------------------------------------
Type       : section
Category   : physics
Title      : Entropy as Curvature
Source     : lines 8029-8046
Destination: rsvp-evolution.tex
Commit     : [physics][section] Add Entropy as Curvature
[main 1d73c16] [physics][section] Add Entropy as Curvature
 1 file changed, 18 insertions(+)

------------------------------------------------------------
[241/697]
------------------------------------------------------------
Type       : section
Category   : formalism
Title      : Bayesian Repair
Source     : lines 8047-8077
Destination: rsvp-evolution.tex
Commit     : [formalism][section] Add Bayesian Repair
[main 480a495] [formalism][section] Add Bayesian Repair
 1 file changed, 31 insertions(+)

------------------------------------------------------------
[242/697]
------------------------------------------------------------
Type       : section
Category   : definition
Title      : The Repair Metric
Source     : lines 8078-8105
Destination: rsvp-evolution.tex
Commit     : [definition][section] Add The Repair Metric
[main b51b091] [definition][section] Add The Repair Metric
 1 file changed, 28 insertions(+)

------------------------------------------------------------
[243/697]
------------------------------------------------------------
Type       : section
Category   : admissibility
Title      : Dual Geometry
Source     : lines 8106-8122
Destination: rsvp-evolution.tex
Commit     : [admissibility][section] Add Dual Geometry
[main 5e3e979] [admissibility][section] Add Dual Geometry
 1 file changed, 17 insertions(+)

------------------------------------------------------------
[244/697]
------------------------------------------------------------
Type       : section
Category   : formalism
Title      : Hierarchical Information
Source     : lines 8123-8143
Destination: rsvp-evolution.tex
Commit     : [formalism][section] Add Hierarchical Information
[main 344f046] [formalism][section] Add Hierarchical Information
 1 file changed, 21 insertions(+)

------------------------------------------------------------
[245/697]
------------------------------------------------------------
Type       : section
Category   : formalism
Title      : The Information Bundle
Source     : lines 8144-8165
Destination: rsvp-evolution.tex
Commit     : [formalism][section] Add The Information Bundle
[main 924481d] [formalism][section] Add The Information Bundle
 1 file changed, 22 insertions(+)

------------------------------------------------------------
[246/697]
------------------------------------------------------------
Type       : section
Category   : formalism
Title      : Geodesics of Learning
Source     : lines 8166-8187
Destination: rsvp-evolution.tex
Commit     : [formalism][section] Add Geodesics of Learning
[main 88875ed] [formalism][section] Add Geodesics of Learning
 1 file changed, 22 insertions(+)

------------------------------------------------------------
[247/697]
------------------------------------------------------------
Type       : section
Category   : theorem
Title      : The Information Curvature Theorem
Source     : lines 8188-8212
Destination: rsvp-evolution.tex
Commit     : [theorem][section] Add The Information Curvature Theorem
[main 4842c6f] [theorem][section] Add The Information Curvature Theorem
 1 file changed, 25 insertions(+)

------------------------------------------------------------
[248/697]
------------------------------------------------------------
Type       : section
Category   : admissibility
Title      : Toward Variational Repair
Source     : lines 8213-8229
Destination: rsvp-evolution.tex
Commit     : [admissibility][section] Add Toward Variational Repair
[main 3678aac] [admissibility][section] Add Toward Variational Repair
 1 file changed, 17 insertions(+)

------------------------------------------------------------
[249/697]
------------------------------------------------------------
Type       : chapter
Category   : chapter
Title      : Variational Repair Theory
Source     : lines 8230-8231
Destination: rsvp-evolution.tex
Commit     : [chapter] Add Variational Repair Theory
[main 94d0750] [chapter] Add Variational Repair Theory
 1 file changed, 2 insertions(+)

------------------------------------------------------------
[250/697]
------------------------------------------------------------
Type       : section
Category   : admissibility
Title      : From Dynamics to Repair
Source     : lines 8232-8250
Destination: rsvp-evolution.tex
Commit     : [admissibility][section] Add From Dynamics to Repair
[main 4f31509] [admissibility][section] Add From Dynamics to Repair
 1 file changed, 19 insertions(+)

------------------------------------------------------------
[251/697]
------------------------------------------------------------
Type       : section
Category   : formalism
Title      : The Repair Functional
Source     : lines 8251-8292
Destination: rsvp-evolution.tex
Commit     : [formalism][section] Add The Repair Functional
[main 06580c4] [formalism][section] Add The Repair Functional
 1 file changed, 42 insertions(+)

------------------------------------------------------------
[252/697]
------------------------------------------------------------
Type       : section
Category   : formalism
Title      : Structure of the Repair Lagrangian
Source     : lines 8293-8332
Destination: rsvp-evolution.tex
Commit     : [formalism][section] Add Structure of the Repair Lagrangian
[main be8f6ff] [formalism][section] Add Structure of the Repair Lagrangian
 1 file changed, 40 insertions(+)

------------------------------------------------------------
[253/697]
------------------------------------------------------------
Type       : section
Category   : formalism
Title      : Stationary Repair
Source     : lines 8333-8369
Destination: rsvp-evolution.tex
Commit     : [formalism][section] Add Stationary Repair
[main c263804] [formalism][section] Add Stationary Repair
 1 file changed, 37 insertions(+)

------------------------------------------------------------
[254/697]
------------------------------------------------------------
Type       : section
Category   : formalism
Title      : Gradient Repair
Source     : lines 8370-8404
Destination: rsvp-evolution.tex
Commit     : [formalism][section] Add Gradient Repair
[main a6d8c1b] [formalism][section] Add Gradient Repair
 1 file changed, 35 insertions(+)

------------------------------------------------------------
[255/697]
------------------------------------------------------------
Type       : section
Category   : formalism
Title      : Generalized Repair Flow
Source     : lines 8405-8431
Destination: rsvp-evolution.tex
Commit     : [formalism][section] Add Generalized Repair Flow
[main 2c3cd19] [formalism][section] Add Generalized Repair Flow
 1 file changed, 27 insertions(+)

------------------------------------------------------------
[256/697]
------------------------------------------------------------
Type       : section
Category   : theorem
Title      : Lyapunov Stability
Source     : lines 8432-8524
Destination: rsvp-evolution.tex
Commit     : [theorem][section] Add Lyapunov Stability
[main d15d319] [theorem][section] Add Lyapunov Stability
 1 file changed, 93 insertions(+)

------------------------------------------------------------
[257/697]
------------------------------------------------------------
Type       : section
Category   : formalism
Title      : Repair Energy
Source     : lines 8525-8560
Destination: rsvp-evolution.tex
Commit     : [formalism][section] Add Repair Energy
[main d30a869] [formalism][section] Add Repair Energy
 1 file changed, 36 insertions(+)

------------------------------------------------------------
[258/697]
------------------------------------------------------------
Type       : section
Category   : formalism
Title      : Optimal Repair
Source     : lines 8561-8588
Destination: rsvp-evolution.tex
Commit     : [formalism][section] Add Optimal Repair
[main ce93c71] [formalism][section] Add Optimal Repair
 1 file changed, 28 insertions(+)

------------------------------------------------------------
[259/697]
------------------------------------------------------------
Type       : section
Category   : formalism
Title      : Hierarchical Repair
Source     : lines 8589-8628
Destination: rsvp-evolution.tex
Commit     : [formalism][section] Add Hierarchical Repair
[main 49082ee] [formalism][section] Add Hierarchical Repair
 1 file changed, 40 insertions(+)

------------------------------------------------------------
[260/697]
------------------------------------------------------------
Type       : section
Category   : formalism
Title      : Constraints and Repair
Source     : lines 8629-8670
Destination: rsvp-evolution.tex
Commit     : [formalism][section] Add Constraints and Repair
[main cc86791] [formalism][section] Add Constraints and Repair
 1 file changed, 42 insertions(+)

------------------------------------------------------------
[261/697]
------------------------------------------------------------
Type       : section
Category   : formalism
Title      : Repair Bifurcations
Source     : lines 8671-8697
Destination: rsvp-evolution.tex
Commit     : [formalism][section] Add Repair Bifurcations
[main f8ae07a] [formalism][section] Add Repair Bifurcations
 1 file changed, 27 insertions(+)

------------------------------------------------------------
[262/697]
------------------------------------------------------------
Type       : section
Category   : admissibility
Title      : The Principle of Least Organizational Repair
Source     : lines 8698-8718
Destination: rsvp-evolution.tex
Commit     : [admissibility][section] Add The Principle of Least Organizational Repair
[main fc1cf84] [admissibility][section] Add The Principle of Least Organizational Repair
 1 file changed, 21 insertions(+)

------------------------------------------------------------
[263/697]
------------------------------------------------------------
Type       : section
Category   : admissibility
Title      : Toward Stability Theory
Source     : lines 8719-8731
Destination: rsvp-evolution.tex
Commit     : [admissibility][section] Add Toward Stability Theory
[main abcba31] [admissibility][section] Add Toward Stability Theory
 1 file changed, 13 insertions(+)

------------------------------------------------------------
[264/697]
------------------------------------------------------------
Type       : chapter
Category   : chapter
Title      : Stability Theory
Source     : lines 8732-8733
Destination: rsvp-evolution.tex
Commit     : [chapter] Add Stability Theory
[main 44ab113] [chapter] Add Stability Theory
 1 file changed, 2 insertions(+)

------------------------------------------------------------
[265/697]
------------------------------------------------------------
Type       : section
Category   : physics
Title      : Introduction
Source     : lines 8734-8761
Destination: rsvp-evolution.tex
Commit     : [physics][section] Add Introduction
[main 6f356fc] [physics][section] Add Introduction
 1 file changed, 28 insertions(+)

------------------------------------------------------------
[266/697]
------------------------------------------------------------
Type       : section
Category   : formalism
Title      : Dynamical Systems on the Admissible Manifold
Source     : lines 8762-8820
Destination: rsvp-evolution.tex
Commit     : [formalism][section] Add Dynamical Systems on the Admissible Manifold
[main 8430224] [formalism][section] Add Dynamical Systems on the Admissible Manifold
 1 file changed, 59 insertions(+)

------------------------------------------------------------
[267/697]
------------------------------------------------------------
Type       : section
Category   : definition
Title      : Structural Equilibria
Source     : lines 8821-8862
Destination: rsvp-evolution.tex
Commit     : [definition][section] Add Structural Equilibria
[main ee6f82a] [definition][section] Add Structural Equilibria
 1 file changed, 42 insertions(+)

------------------------------------------------------------
[268/697]
------------------------------------------------------------
Type       : section
Category   : definition
Title      : Structural Attractors
Source     : lines 8863-8898
Destination: rsvp-evolution.tex
Commit     : [definition][section] Add Structural Attractors
[main bb8ad46] [definition][section] Add Structural Attractors
 1 file changed, 36 insertions(+)

------------------------------------------------------------
[269/697]
------------------------------------------------------------
Type       : section
Category   : formalism
Title      : The Stable Region \texorpdfstring$\Omega$
Source     : lines 8899-8950
Destination: rsvp-evolution.tex
Commit     : [formalism][section] Add The Stable Region \texorpdfstring$\Omega$
[main 8cf65fc] [formalism][section] Add The Stable Region \texorpdfstring$\Omega$
 1 file changed, 52 insertions(+)

------------------------------------------------------------
[270/697]
------------------------------------------------------------
Type       : section
Category   : definition
Title      : Limit Cycles
Source     : lines 8951-8974
Destination: rsvp-evolution.tex
Commit     : [definition][section] Add Limit Cycles
[main 2fd0172] [definition][section] Add Limit Cycles
 1 file changed, 24 insertions(+)

------------------------------------------------------------
[271/697]
------------------------------------------------------------
Type       : section
Category   : formalism
Title      : Organizational Bifurcations
Source     : lines 8975-9009
Destination: rsvp-evolution.tex
Commit     : [formalism][section] Add Organizational Bifurcations
[main 487c0d5] [formalism][section] Add Organizational Bifurcations
 1 file changed, 35 insertions(+)

------------------------------------------------------------
[272/697]
------------------------------------------------------------
Type       : section
Category   : physics
Title      : Catastrophe Theory
Source     : lines 9010-9026
Destination: rsvp-evolution.tex
Commit     : [physics][section] Add Catastrophe Theory
[main 88502e7] [physics][section] Add Catastrophe Theory
 1 file changed, 17 insertions(+)

------------------------------------------------------------
[273/697]
------------------------------------------------------------
Type       : section
Category   : formalism
Title      : Organizational Curvature and Stability
Source     : lines 9027-9049
Destination: rsvp-evolution.tex
Commit     : [formalism][section] Add Organizational Curvature and Stability
[main dfef46d] [formalism][section] Add Organizational Curvature and Stability
 1 file changed, 23 insertions(+)

------------------------------------------------------------
[274/697]
------------------------------------------------------------
Type       : section
Category   : theorem
Title      : Lyapunov Stability Revisited
Source     : lines 9050-9093
Destination: rsvp-evolution.tex
Commit     : [theorem][section] Add Lyapunov Stability Revisited
[main bb14507] [theorem][section] Add Lyapunov Stability Revisited
 1 file changed, 44 insertions(+)

------------------------------------------------------------
[275/697]
------------------------------------------------------------
Type       : section
Category   : admissibility
Title      : Stability Hierarchy
Source     : lines 9094-9110
Destination: rsvp-evolution.tex
Commit     : [admissibility][section] Add Stability Hierarchy
[main 5b4e733] [admissibility][section] Add Stability Hierarchy
 1 file changed, 17 insertions(+)

------------------------------------------------------------
[276/697]
------------------------------------------------------------
Type       : section
Category   : theorem
Title      : The Fundamental Continuation Theorem
Source     : lines 9111-9141
Destination: rsvp-evolution.tex
Commit     : [theorem][section] Add The Fundamental Continuation Theorem
[main 1e1aaa3] [theorem][section] Add The Fundamental Continuation Theorem
 1 file changed, 31 insertions(+)

------------------------------------------------------------
[277/697]
------------------------------------------------------------
Type       : section
Category   : physics
Title      : Discussion
Source     : lines 9142-9162
Destination: rsvp-evolution.tex
Commit     : [physics][section] Add Discussion
[main 334e955] [physics][section] Add Discussion
 1 file changed, 21 insertions(+)

------------------------------------------------------------
[278/697]
------------------------------------------------------------
Type       : part
Category   : part
Title      : Physical Applications
Source     : lines 9163-9164
Destination: rsvp-evolution.tex
Commit     : [part] Begin Physical Applications
[main f90717d] [part] Begin Physical Applications
 1 file changed, 2 insertions(+)

------------------------------------------------------------
[279/697]
------------------------------------------------------------
Type       : chapter
Category   : chapter
Title      : A Note on Part III
Source     : lines 9165-9169
Destination: rsvp-evolution.tex
Commit     : [chapter] Add A Note on Part III
[main 9570279] [chapter] Add A Note on Part III
 1 file changed, 5 insertions(+)

------------------------------------------------------------
[280/697]
------------------------------------------------------------
Type       : chapter
Category   : chapter
Title      : Classical Mechanics as a Limiting Case
Source     : lines 9170-9171
Destination: rsvp-evolution.tex
Commit     : [chapter] Add Classical Mechanics as a Limiting Case
[main 879e41e] [chapter] Add Classical Mechanics as a Limiting Case
 1 file changed, 2 insertions(+)

------------------------------------------------------------
[281/697]
------------------------------------------------------------
Type       : section
Category   : physics
Title      : Introduction
Source     : lines 9172-9198
Destination: rsvp-evolution.tex
Commit     : [physics][section] Add Introduction
[main d7ba98b] [physics][section] Add Introduction
 1 file changed, 27 insertions(+)

------------------------------------------------------------
[282/697]
------------------------------------------------------------
Type       : section
Category   : formalism
Title      : The Admissible Limit
Source     : lines 9199-9235
Destination: rsvp-evolution.tex
Commit     : [formalism][section] Add The Admissible Limit
[main c098133] [formalism][section] Add The Admissible Limit
 1 file changed, 37 insertions(+)

------------------------------------------------------------
[283/697]
------------------------------------------------------------
Type       : section
Category   : formalism
Title      : Localized Structures
Source     : lines 9236-9290
Destination: rsvp-evolution.tex
Commit     : [formalism][section] Add Localized Structures
[main 16a485c] [formalism][section] Add Localized Structures
 1 file changed, 55 insertions(+)

------------------------------------------------------------
[284/697]
------------------------------------------------------------
Type       : section
Category   : formalism
Title      : Effective Mass
Source     : lines 9291-9329
Destination: rsvp-evolution.tex
Commit     : [formalism][section] Add Effective Mass
[main 16a49da] [formalism][section] Add Effective Mass
 1 file changed, 39 insertions(+)

------------------------------------------------------------
[285/697]
------------------------------------------------------------
Type       : section
Category   : formalism
Title      : Emergence of Newton's Second Law
Source     : lines 9330-9382
Destination: rsvp-evolution.tex
Commit     : [formalism][section] Add Emergence of Newton's Second Law
[main 53f096c] [formalism][section] Add Emergence of Newton's Second Law
 1 file changed, 53 insertions(+)

------------------------------------------------------------
[286/697]
------------------------------------------------------------
Type       : section
Category   : formalism
Title      : Potential Energy
Source     : lines 9383-9435
Destination: rsvp-evolution.tex
Commit     : [formalism][section] Add Potential Energy
[main c6eb63e] [formalism][section] Add Potential Energy
 1 file changed, 53 insertions(+)

------------------------------------------------------------
[287/697]
------------------------------------------------------------
Type       : section
Category   : physics
Title      : Conservation Laws
Source     : lines 9436-9451
Destination: rsvp-evolution.tex
Commit     : [physics][section] Add Conservation Laws
[main af406a5] [physics][section] Add Conservation Laws
 1 file changed, 16 insertions(+)

------------------------------------------------------------
[288/697]
------------------------------------------------------------
Type       : section
Category   : formalism
Title      : Small Oscillations
Source     : lines 9452-9494
Destination: rsvp-evolution.tex
Commit     : [formalism][section] Add Small Oscillations
[main 70b675c] [formalism][section] Add Small Oscillations
 1 file changed, 43 insertions(+)

------------------------------------------------------------
[289/697]
------------------------------------------------------------
Type       : section
Category   : formalism
Title      : Many-Body Systems
Source     : lines 9495-9529
Destination: rsvp-evolution.tex
Commit     : [formalism][section] Add Many-Body Systems
[main 68cfc0e] [formalism][section] Add Many-Body Systems
 1 file changed, 35 insertions(+)

------------------------------------------------------------
[290/697]
------------------------------------------------------------
Type       : section
Category   : physics
Title      : Recovering Classical Mechanics
Source     : lines 9530-9557
Destination: rsvp-evolution.tex
Commit     : [physics][section] Add Recovering Classical Mechanics
[main fcd1c7e] [physics][section] Add Recovering Classical Mechanics
 1 file changed, 28 insertions(+)

------------------------------------------------------------
[291/697]
------------------------------------------------------------
Type       : chapter
Category   : chapter
Title      : Electromagnetism
Source     : lines 9558-9559
Destination: rsvp-evolution.tex
Commit     : [chapter] Add Electromagnetism
[main 68b938d] [chapter] Add Electromagnetism
 1 file changed, 2 insertions(+)

------------------------------------------------------------
[292/697]
------------------------------------------------------------
Type       : section
Category   : physics
Title      : Introduction
Source     : lines 9560-9579
Destination: rsvp-evolution.tex
Commit     : [physics][section] Add Introduction
[main 0dcc618] [physics][section] Add Introduction
 1 file changed, 20 insertions(+)

------------------------------------------------------------
[293/697]
------------------------------------------------------------
Type       : section
Category   : formalism
Title      : The Vector Sector
Source     : lines 9580-9626
Destination: rsvp-evolution.tex
Commit     : [formalism][section] Add The Vector Sector
[main 2cccdb6] [formalism][section] Add The Vector Sector
 1 file changed, 47 insertions(+)

------------------------------------------------------------
[294/697]
------------------------------------------------------------
Type       : section
Category   : formalism
Title      : Variational Derivation
Source     : lines 9627-9693
Destination: rsvp-evolution.tex
Commit     : [formalism][section] Add Variational Derivation
[main 183dd68] [formalism][section] Add Variational Derivation
 1 file changed, 67 insertions(+)

------------------------------------------------------------
[295/697]
------------------------------------------------------------
Type       : section
Category   : formalism
Title      : Inclusion of Sources
Source     : lines 9694-9742
Destination: rsvp-evolution.tex
Commit     : [formalism][section] Add Inclusion of Sources
[main 3c04f36] [formalism][section] Add Inclusion of Sources
 1 file changed, 49 insertions(+)

------------------------------------------------------------
[296/697]
------------------------------------------------------------
Type       : section
Category   : formalism
Title      : Gauge Symmetry
Source     : lines 9743-9784
Destination: rsvp-evolution.tex
Commit     : [formalism][section] Add Gauge Symmetry
[main 7c6b943] [formalism][section] Add Gauge Symmetry
 1 file changed, 42 insertions(+)

------------------------------------------------------------
[297/697]
------------------------------------------------------------
Type       : section
Category   : formalism
Title      : Energy and Momentum
Source     : lines 9785-9809
Destination: rsvp-evolution.tex
Commit     : [formalism][section] Add Energy and Momentum
[main 0b80bad] [formalism][section] Add Energy and Momentum
 1 file changed, 25 insertions(+)

------------------------------------------------------------
[298/697]
------------------------------------------------------------
Type       : section
Category   : formalism
Title      : Admissibility Corrections
Source     : lines 9810-9883
Destination: rsvp-evolution.tex
Commit     : [formalism][section] Add Admissibility Corrections
[main b81afe1] [formalism][section] Add Admissibility Corrections
 1 file changed, 74 insertions(+)

------------------------------------------------------------
[299/697]
------------------------------------------------------------
Type       : section
Category   : formalism
Title      : Electromagnetic Repair
Source     : lines 9884-9908
Destination: rsvp-evolution.tex
Commit     : [formalism][section] Add Electromagnetic Repair
[main cafb3a1] [formalism][section] Add Electromagnetic Repair
 1 file changed, 25 insertions(+)

------------------------------------------------------------
[300/697]
------------------------------------------------------------
Type       : section
Category   : formalism
Title      : Possible Observational Consequences
Source     : lines 9909-9937
Destination: rsvp-evolution.tex
Commit     : [formalism][section] Add Possible Observational Consequences
[main 8b35fe2] [formalism][section] Add Possible Observational Consequences
 1 file changed, 29 insertions(+)

------------------------------------------------------------
[301/697]
------------------------------------------------------------
Type       : section
Category   : physics
Title      : Discussion
Source     : lines 9938-9959
Destination: rsvp-evolution.tex
Commit     : [physics][section] Add Discussion
[main c822158] [physics][section] Add Discussion
 1 file changed, 22 insertions(+)

------------------------------------------------------------
[302/697]
------------------------------------------------------------
Type       : chapter
Category   : chapter
Title      : General Relativity
Source     : lines 9960-9961
Destination: rsvp-evolution.tex
Commit     : [chapter] Add General Relativity
[main 4813061] [chapter] Add General Relativity
 1 file changed, 2 insertions(+)

------------------------------------------------------------
[303/697]
------------------------------------------------------------
Type       : section
Category   : formalism
Title      : Introduction
Source     : lines 9962-9987
Destination: rsvp-evolution.tex
Commit     : [formalism][section] Add Introduction
[main efdf304] [formalism][section] Add Introduction
 1 file changed, 26 insertions(+)

------------------------------------------------------------
[304/697]
------------------------------------------------------------
Type       : section
Category   : formalism
Title      : The Gravitational Sector
Source     : lines 9988-10036
Destination: rsvp-evolution.tex
Commit     : [formalism][section] Add The Gravitational Sector
[main 04d3516] [formalism][section] Add The Gravitational Sector
 1 file changed, 49 insertions(+)

------------------------------------------------------------
[305/697]
------------------------------------------------------------
Type       : section
Category   : formalism
Title      : Variation of the Metric
Source     : lines 10037-10106
Destination: rsvp-evolution.tex
Commit     : [formalism][section] Add Variation of the Metric
[main 501372b] [formalism][section] Add Variation of the Metric
 1 file changed, 70 insertions(+)

------------------------------------------------------------
[306/697]
------------------------------------------------------------
Type       : section
Category   : formalism
Title      : Recovering Einstein's Equations
Source     : lines 10107-10145
Destination: rsvp-evolution.tex
Commit     : [formalism][section] Add Recovering Einstein's Equations
[main 92eafa0] [formalism][section] Add Recovering Einstein's Equations
 1 file changed, 39 insertions(+)

------------------------------------------------------------
[307/697]
------------------------------------------------------------
Type       : section
Category   : formalism
Title      : Interpretation of the Organizational Tensor
Source     : lines 10146-10181
Destination: rsvp-evolution.tex
Commit     : [formalism][section] Add Interpretation of the Organizational Tensor
[main 8b5cac8] [formalism][section] Add Interpretation of the Organizational Tensor
 1 file changed, 36 insertions(+)

------------------------------------------------------------
[308/697]
------------------------------------------------------------
Type       : section
Category   : formalism
Title      : Conservation Laws
Source     : lines 10182-10215
Destination: rsvp-evolution.tex
Commit     : [formalism][section] Add Conservation Laws
[main c604a40] [formalism][section] Add Conservation Laws
 1 file changed, 34 insertions(+)

------------------------------------------------------------
[309/697]
------------------------------------------------------------
Type       : section
Category   : formalism
Title      : Weak-Field Limit
Source     : lines 10216-10267
Destination: rsvp-evolution.tex
Commit     : [formalism][section] Add Weak-Field Limit
[main a5d39ec] [formalism][section] Add Weak-Field Limit
 1 file changed, 52 insertions(+)

------------------------------------------------------------
[310/697]
------------------------------------------------------------
Type       : section
Category   : formalism
Title      : Black Holes
Source     : lines 10268-10306
Destination: rsvp-evolution.tex
Commit     : [formalism][section] Add Black Holes
[main 48ceaba] [formalism][section] Add Black Holes
 1 file changed, 39 insertions(+)

------------------------------------------------------------
[311/697]
------------------------------------------------------------
Type       : section
Category   : formalism
Title      : Gravitational Waves
Source     : lines 10307-10328
Destination: rsvp-evolution.tex
Commit     : [formalism][section] Add Gravitational Waves
[main c491577] [formalism][section] Add Gravitational Waves
 1 file changed, 22 insertions(+)

------------------------------------------------------------
[312/697]
------------------------------------------------------------
Type       : section
Category   : formalism
Title      : Cosmological Constant
Source     : lines 10329-10357
Destination: rsvp-evolution.tex
Commit     : [formalism][section] Add Cosmological Constant
[main ce2edef] [formalism][section] Add Cosmological Constant
 1 file changed, 29 insertions(+)

------------------------------------------------------------
[313/697]
------------------------------------------------------------
Type       : section
Category   : formalism
Title      : Candidate Observational Signatures
Source     : lines 10358-10381
Destination: rsvp-evolution.tex
Commit     : [formalism][section] Add Candidate Observational Signatures
[main 9b86da4] [formalism][section] Add Candidate Observational Signatures
 1 file changed, 24 insertions(+)

------------------------------------------------------------
[314/697]
------------------------------------------------------------
Type       : section
Category   : formalism
Title      : Discussion
Source     : lines 10382-10408
Destination: rsvp-evolution.tex
Commit     : [formalism][section] Add Discussion
[main 4e048e3] [formalism][section] Add Discussion
 1 file changed, 27 insertions(+)

------------------------------------------------------------
[315/697]
------------------------------------------------------------
Type       : chapter
Category   : chapter
Title      : Quantum Field Theory
Source     : lines 10409-10410
Destination: rsvp-evolution.tex
Commit     : [chapter] Add Quantum Field Theory
[main a444b5c] [chapter] Add Quantum Field Theory
 1 file changed, 2 insertions(+)

------------------------------------------------------------
[316/697]
------------------------------------------------------------
Type       : section
Category   : physics
Title      : Introduction
Source     : lines 10411-10431
Destination: rsvp-evolution.tex
Commit     : [physics][section] Add Introduction
[main 32cde87] [physics][section] Add Introduction
 1 file changed, 21 insertions(+)

------------------------------------------------------------
[317/697]
------------------------------------------------------------
Type       : section
Category   : formalism
Title      : The Classical Starting Point
Source     : lines 10432-10467
Destination: rsvp-evolution.tex
Commit     : [formalism][section] Add The Classical Starting Point
[main 986ce7a] [formalism][section] Add The Classical Starting Point
 1 file changed, 36 insertions(+)

------------------------------------------------------------
[318/697]
------------------------------------------------------------
Type       : section
Category   : formalism
Title      : Configuration Space
Source     : lines 10468-10499
Destination: rsvp-evolution.tex
Commit     : [formalism][section] Add Configuration Space
[main ced8c98] [formalism][section] Add Configuration Space
 1 file changed, 32 insertions(+)

------------------------------------------------------------
[319/697]
------------------------------------------------------------
Type       : section
Category   : formalism
Title      : Linearization Near Equilibrium
Source     : lines 10500-10554
Destination: rsvp-evolution.tex
Commit     : [formalism][section] Add Linearization Near Equilibrium
[main 150395d] [formalism][section] Add Linearization Near Equilibrium
 1 file changed, 55 insertions(+)

------------------------------------------------------------
[320/697]
------------------------------------------------------------
Type       : section
Category   : formalism
Title      : Quantization as Organizational Modes
Source     : lines 10555-10585
Destination: rsvp-evolution.tex
Commit     : [formalism][section] Add Quantization as Organizational Modes
[main 86b186f] [formalism][section] Add Quantization as Organizational Modes
 1 file changed, 31 insertions(+)

------------------------------------------------------------
[321/697]
------------------------------------------------------------
Type       : section
Category   : formalism
Title      : Hilbert Space
Source     : lines 10586-10617
Destination: rsvp-evolution.tex
Commit     : [formalism][section] Add Hilbert Space
[main e7fc185] [formalism][section] Add Hilbert Space
 1 file changed, 32 insertions(+)

------------------------------------------------------------
[322/697]
------------------------------------------------------------
Type       : section
Category   : formalism
Title      : Unitary Evolution
Source     : lines 10618-10668
Destination: rsvp-evolution.tex
Commit     : [formalism][section] Add Unitary Evolution
[main 6bc9f70] [formalism][section] Add Unitary Evolution
 1 file changed, 51 insertions(+)

------------------------------------------------------------
[323/697]
------------------------------------------------------------
Type       : section
Category   : physics
Title      : Measurement
Source     : lines 10669-10690
Destination: rsvp-evolution.tex
Commit     : [physics][section] Add Measurement
[main c6b6095] [physics][section] Add Measurement
 1 file changed, 22 insertions(+)

------------------------------------------------------------
[324/697]
------------------------------------------------------------
Type       : section
Category   : physics
Title      : Entanglement
Source     : lines 10691-10712
Destination: rsvp-evolution.tex
Commit     : [physics][section] Add Entanglement
[main c4a4e6f] [physics][section] Add Entanglement
 1 file changed, 22 insertions(+)

------------------------------------------------------------
[325/697]
------------------------------------------------------------
Type       : section
Category   : ontology
Title      : Vacuum Structure
Source     : lines 10713-10729
Destination: rsvp-evolution.tex
Commit     : [ontology][section] Add Vacuum Structure
[main 8810f7f] [ontology][section] Add Vacuum Structure
 1 file changed, 17 insertions(+)

------------------------------------------------------------
[326/697]
------------------------------------------------------------
Type       : section
Category   : physics
Title      : Open Problems
Source     : lines 10730-10749
Destination: rsvp-evolution.tex
Commit     : [physics][section] Add Open Problems
[main 8ebec89] [physics][section] Add Open Problems
 1 file changed, 20 insertions(+)

------------------------------------------------------------
[327/697]
------------------------------------------------------------
Type       : section
Category   : physics
Title      : Discussion
Source     : lines 10750-10771
Destination: rsvp-evolution.tex
Commit     : [physics][section] Add Discussion
[main 9986013] [physics][section] Add Discussion
 1 file changed, 22 insertions(+)

------------------------------------------------------------
[328/697]
------------------------------------------------------------
Type       : chapter
Category   : chapter
Title      : Cosmology
Source     : lines 10772-10773
Destination: rsvp-evolution.tex
Commit     : [chapter] Add Cosmology
[main eb6e984] [chapter] Add Cosmology
 1 file changed, 2 insertions(+)

------------------------------------------------------------
[329/697]
------------------------------------------------------------
Type       : section
Category   : physics
Title      : Introduction
Source     : lines 10774-10795
Destination: rsvp-evolution.tex
Commit     : [physics][section] Add Introduction
[main 7b35ae7] [physics][section] Add Introduction
 1 file changed, 22 insertions(+)

------------------------------------------------------------
[330/697]
------------------------------------------------------------
Type       : section
Category   : formalism
Title      : Cosmological Symmetry
Source     : lines 10796-10833
Destination: rsvp-evolution.tex
Commit     : [formalism][section] Add Cosmological Symmetry
[main cd28892] [formalism][section] Add Cosmological Symmetry
 1 file changed, 38 insertions(+)

------------------------------------------------------------
[331/697]
------------------------------------------------------------
Type       : section
Category   : formalism
Title      : Cosmological Field Equations
Source     : lines 10834-10901
Destination: rsvp-evolution.tex
Commit     : [formalism][section] Add Cosmological Field Equations
[main 2246251] [formalism][section] Add Cosmological Field Equations
 1 file changed, 68 insertions(+)

------------------------------------------------------------
[332/697]
------------------------------------------------------------
Type       : section
Category   : formalism
Title      : Inflation
Source     : lines 10902-10941
Destination: rsvp-evolution.tex
Commit     : [formalism][section] Add Inflation
[main a99383b] [formalism][section] Add Inflation
 1 file changed, 40 insertions(+)

------------------------------------------------------------
[333/697]
------------------------------------------------------------
Type       : section
Category   : formalism
Title      : Dark Matter
Source     : lines 10942-10970
Destination: rsvp-evolution.tex
Commit     : [formalism][section] Add Dark Matter
[main 6541bf0] [formalism][section] Add Dark Matter
 1 file changed, 29 insertions(+)

------------------------------------------------------------
[334/697]
------------------------------------------------------------
Type       : section
Category   : formalism
Title      : Dark Energy
Source     : lines 10971-11000
Destination: rsvp-evolution.tex
Commit     : [formalism][section] Add Dark Energy
[main 725e672] [formalism][section] Add Dark Energy
 1 file changed, 30 insertions(+)

------------------------------------------------------------
[335/697]
------------------------------------------------------------
Type       : section
Category   : physics
Title      : Cosmological Horizons
Source     : lines 11001-11017
Destination: rsvp-evolution.tex
Commit     : [physics][section] Add Cosmological Horizons
[main fa294ac] [physics][section] Add Cosmological Horizons
 1 file changed, 17 insertions(+)

------------------------------------------------------------
[336/697]
------------------------------------------------------------
Type       : section
Category   : physics
Title      : Structure Formation
Source     : lines 11018-11034
Destination: rsvp-evolution.tex
Commit     : [physics][section] Add Structure Formation
[main ed0bfff] [physics][section] Add Structure Formation
 1 file changed, 17 insertions(+)

------------------------------------------------------------
[337/697]
------------------------------------------------------------
Type       : section
Category   : physics
Title      : The Arrow of Cosmological Time
Source     : lines 11035-11055
Destination: rsvp-evolution.tex
Commit     : [physics][section] Add The Arrow of Cosmological Time
[main 524efc6] [physics][section] Add The Arrow of Cosmological Time
 1 file changed, 21 insertions(+)

------------------------------------------------------------
[338/697]
------------------------------------------------------------
Type       : section
Category   : physics
Title      : The Early Universe
Source     : lines 11056-11072
Destination: rsvp-evolution.tex
Commit     : [physics][section] Add The Early Universe
[main c48207b] [physics][section] Add The Early Universe
 1 file changed, 17 insertions(+)

------------------------------------------------------------
[339/697]
------------------------------------------------------------
Type       : section
Category   : physics
Title      : Observational Consequences
Source     : lines 11073-11094
Destination: rsvp-evolution.tex
Commit     : [physics][section] Add Observational Consequences
[main 1d4c5aa] [physics][section] Add Observational Consequences
 1 file changed, 22 insertions(+)

------------------------------------------------------------
[340/697]
------------------------------------------------------------
Type       : section
Category   : physics
Title      : Discussion
Source     : lines 11095-11119
Destination: rsvp-evolution.tex
Commit     : [physics][section] Add Discussion
[main 0118bbf] [physics][section] Add Discussion
 1 file changed, 25 insertions(+)

------------------------------------------------------------
[341/697]
------------------------------------------------------------
Type       : chapter
Category   : chapter
Title      : Condensed Matter
Source     : lines 11120-11121
Destination: rsvp-evolution.tex
Commit     : [chapter] Add Condensed Matter
[main 42d02f7] [chapter] Add Condensed Matter
 1 file changed, 2 insertions(+)

------------------------------------------------------------
[342/697]
------------------------------------------------------------
Type       : section
Category   : physics
Title      : Introduction
Source     : lines 11122-11143
Destination: rsvp-evolution.tex
Commit     : [physics][section] Add Introduction
[main 323f175] [physics][section] Add Introduction
 1 file changed, 22 insertions(+)

------------------------------------------------------------
[343/697]
------------------------------------------------------------
Type       : section
Category   : physics
Title      : Organization Rather Than Constituents
Source     : lines 11144-11161
Destination: rsvp-evolution.tex
Commit     : [physics][section] Add Organization Rather Than Constituents
[main 78c98a9] [physics][section] Add Organization Rather Than Constituents
 1 file changed, 18 insertions(+)

------------------------------------------------------------
[344/697]
------------------------------------------------------------
Type       : section
Category   : formalism
Title      : Crystalline Organization
Source     : lines 11162-11193
Destination: rsvp-evolution.tex
Commit     : [formalism][section] Add Crystalline Organization
[main 14d1358] [formalism][section] Add Crystalline Organization
 1 file changed, 32 insertions(+)

------------------------------------------------------------
[345/697]
------------------------------------------------------------
Type       : section
Category   : formalism
Title      : Defects
Source     : lines 11194-11214
Destination: rsvp-evolution.tex
Commit     : [formalism][section] Add Defects
[main a1c8a30] [formalism][section] Add Defects
 1 file changed, 21 insertions(+)

------------------------------------------------------------
[346/697]
------------------------------------------------------------
Type       : section
Category   : formalism
Title      : Elasticity
Source     : lines 11215-11238
Destination: rsvp-evolution.tex
Commit     : [formalism][section] Add Elasticity
[main c3baad7] [formalism][section] Add Elasticity
 1 file changed, 24 insertions(+)

------------------------------------------------------------
[347/697]
------------------------------------------------------------
Type       : section
Category   : physics
Title      : Superconductivity
Source     : lines 11239-11260
Destination: rsvp-evolution.tex
Commit     : [physics][section] Add Superconductivity
[main e701a21] [physics][section] Add Superconductivity
 1 file changed, 22 insertions(+)

------------------------------------------------------------
[348/697]
------------------------------------------------------------
Type       : section
Category   : physics
Title      : Topological Phases
Source     : lines 11261-11281
Destination: rsvp-evolution.tex
Commit     : [physics][section] Add Topological Phases
[main f345698] [physics][section] Add Topological Phases
 1 file changed, 21 insertions(+)

------------------------------------------------------------
[349/697]
------------------------------------------------------------
Type       : section
Category   : physics
Title      : Quasicrystals
Source     : lines 11282-11305
Destination: rsvp-evolution.tex
Commit     : [physics][section] Add Quasicrystals
[main f951b5e] [physics][section] Add Quasicrystals
 1 file changed, 24 insertions(+)

------------------------------------------------------------
[350/697]
------------------------------------------------------------
Type       : section
Category   : admissibility
Title      : Organizational Topology
Source     : lines 11306-11321
Destination: rsvp-evolution.tex
Commit     : [admissibility][section] Add Organizational Topology
[main 5a7420b] [admissibility][section] Add Organizational Topology
 1 file changed, 16 insertions(+)

------------------------------------------------------------
[351/697]
------------------------------------------------------------
Type       : section
Category   : physics
Title      : Phase Transitions
Source     : lines 11322-11337
Destination: rsvp-evolution.tex
Commit     : [physics][section] Add Phase Transitions
[main 26e6977] [physics][section] Add Phase Transitions
 1 file changed, 16 insertions(+)

------------------------------------------------------------
[352/697]
------------------------------------------------------------
Type       : section
Category   : formalism
Title      : Nonequilibrium Materials
Source     : lines 11338-11359
Destination: rsvp-evolution.tex
Commit     : [formalism][section] Add Nonequilibrium Materials
[main 253b213] [formalism][section] Add Nonequilibrium Materials
 1 file changed, 22 insertions(+)

------------------------------------------------------------
[353/697]
------------------------------------------------------------
Type       : section
Category   : admissibility
Title      : Experimental Consequences
Source     : lines 11360-11374
Destination: rsvp-evolution.tex
Commit     : [admissibility][section] Add Experimental Consequences
[main 9161b0e] [admissibility][section] Add Experimental Consequences
 1 file changed, 15 insertions(+)

------------------------------------------------------------
[354/697]
------------------------------------------------------------
Type       : section
Category   : physics
Title      : Discussion
Source     : lines 11375-11395
Destination: rsvp-evolution.tex
Commit     : [physics][section] Add Discussion
[main 043929f] [physics][section] Add Discussion
 1 file changed, 21 insertions(+)

------------------------------------------------------------
[355/697]
------------------------------------------------------------
Type       : chapter
Category   : chapter
Title      : Thermodynamics
Source     : lines 11396-11397
Destination: rsvp-evolution.tex
Commit     : [chapter] Add Thermodynamics
[main 5448775] [chapter] Add Thermodynamics
 1 file changed, 2 insertions(+)

------------------------------------------------------------
[356/697]
------------------------------------------------------------
Type       : section
Category   : physics
Title      : Introduction
Source     : lines 11398-11422
Destination: rsvp-evolution.tex
Commit     : [physics][section] Add Introduction
[main 3378cd3] [physics][section] Add Introduction
 1 file changed, 25 insertions(+)

------------------------------------------------------------
[357/697]
------------------------------------------------------------
Type       : section
Category   : formalism
Title      : Energy and Organization
Source     : lines 11423-11485
Destination: rsvp-evolution.tex
Commit     : [formalism][section] Add Energy and Organization
[main 5e85163] [formalism][section] Add Energy and Organization
 1 file changed, 63 insertions(+)

------------------------------------------------------------
[358/697]
------------------------------------------------------------
Type       : section
Category   : formalism
Title      : Entropy
Source     : lines 11486-11517
Destination: rsvp-evolution.tex
Commit     : [formalism][section] Add Entropy
[main 6fd1b4f] [formalism][section] Add Entropy
 1 file changed, 32 insertions(+)

------------------------------------------------------------
[359/697]
------------------------------------------------------------
Type       : section
Category   : theorem
Title      : The Second Law
Source     : lines 11518-11563
Destination: rsvp-evolution.tex
Commit     : [theorem][section] Add The Second Law
[main 509b686] [theorem][section] Add The Second Law
 1 file changed, 46 insertions(+)

------------------------------------------------------------
[360/697]
------------------------------------------------------------
Type       : section
Category   : formalism
Title      : Equilibrium
Source     : lines 11564-11591
Destination: rsvp-evolution.tex
Commit     : [formalism][section] Add Equilibrium
[main 62b4038] [formalism][section] Add Equilibrium
 1 file changed, 28 insertions(+)

------------------------------------------------------------
[361/697]
------------------------------------------------------------
Type       : section
Category   : formalism
Title      : Nonequilibrium Systems
Source     : lines 11592-11612
Destination: rsvp-evolution.tex
Commit     : [formalism][section] Add Nonequilibrium Systems
[main f82090a] [formalism][section] Add Nonequilibrium Systems
 1 file changed, 21 insertions(+)

------------------------------------------------------------
[362/697]
------------------------------------------------------------
Type       : section
Category   : physics
Title      : Irreversibility
Source     : lines 11613-11630
Destination: rsvp-evolution.tex
Commit     : [physics][section] Add Irreversibility
[main 6a7fc94] [physics][section] Add Irreversibility
 1 file changed, 18 insertions(+)

------------------------------------------------------------
[363/697]
------------------------------------------------------------
Type       : section
Category   : physics
Title      : Information
Source     : lines 11631-11651
Destination: rsvp-evolution.tex
Commit     : [physics][section] Add Information
[main 32ccf50] [physics][section] Add Information
 1 file changed, 21 insertions(+)

------------------------------------------------------------
[364/697]
------------------------------------------------------------
Type       : section
Category   : formalism
Title      : Biological Thermodynamics
Source     : lines 11652-11674
Destination: rsvp-evolution.tex
Commit     : [formalism][section] Add Biological Thermodynamics
[main 1a002be] [formalism][section] Add Biological Thermodynamics
 1 file changed, 23 insertions(+)

------------------------------------------------------------
[365/697]
------------------------------------------------------------
Type       : section
Category   : physics
Title      : Maximum Entropy and Admissibility
Source     : lines 11675-11693
Destination: rsvp-evolution.tex
Commit     : [physics][section] Add Maximum Entropy and Admissibility
[main 15f9fa7] [physics][section] Add Maximum Entropy and Admissibility
 1 file changed, 19 insertions(+)

------------------------------------------------------------
[366/697]
------------------------------------------------------------
Type       : section
Category   : physics
Title      : The Arrow of Time
Source     : lines 11694-11713
Destination: rsvp-evolution.tex
Commit     : [physics][section] Add The Arrow of Time
[main 5a6a0d4] [physics][section] Add The Arrow of Time
 1 file changed, 20 insertions(+)

------------------------------------------------------------
[367/697]
------------------------------------------------------------
Type       : section
Category   : ontology
Title      : Discussion
Source     : lines 11714-11741
Destination: rsvp-evolution.tex
Commit     : [ontology][section] Add Discussion
[main 282ed1b] [ontology][section] Add Discussion
 1 file changed, 28 insertions(+)

------------------------------------------------------------
[368/697]
------------------------------------------------------------
Type       : part
Category   : part
Title      : Organization Beyond Physics
Source     : lines 11742-11743
Destination: rsvp-evolution.tex
Commit     : [part] Begin Organization Beyond Physics
[main 0461125] [part] Begin Organization Beyond Physics
 1 file changed, 2 insertions(+)

------------------------------------------------------------
[369/697]
------------------------------------------------------------
Type       : chapter
Category   : chapter
Title      : Outline of Part IV
Source     : lines 11744-11752
Destination: rsvp-evolution.tex
Commit     : [chapter] Add Outline of Part IV
[main ee69c4a] [chapter] Add Outline of Part IV
 1 file changed, 9 insertions(+)

------------------------------------------------------------
[370/697]
------------------------------------------------------------
Type       : chapter
Category   : chapter
Title      : Biological Organization
Source     : lines 11753-11754
Destination: rsvp-evolution.tex
Commit     : [chapter] Add Biological Organization
[main 8e182da] [chapter] Add Biological Organization
 1 file changed, 2 insertions(+)

------------------------------------------------------------
[371/697]
------------------------------------------------------------
Type       : section
Category   : admissibility
Title      : Introduction
Source     : lines 11755-11774
Destination: rsvp-evolution.tex
Commit     : [admissibility][section] Add Introduction
[main 7723748] [admissibility][section] Add Introduction
 1 file changed, 20 insertions(+)

------------------------------------------------------------
[372/697]
------------------------------------------------------------
Type       : section
Category   : formalism
Title      : Living Systems as Continuing Organization
Source     : lines 11775-11807
Destination: rsvp-evolution.tex
Commit     : [formalism][section] Add Living Systems as Continuing Organization
[main 7f326c5] [formalism][section] Add Living Systems as Continuing Organization
 1 file changed, 33 insertions(+)

------------------------------------------------------------
[373/697]
------------------------------------------------------------
Type       : section
Category   : formalism
Title      : Homeostasis
Source     : lines 11808-11845
Destination: rsvp-evolution.tex
Commit     : [formalism][section] Add Homeostasis
[main c6a3c3e] [formalism][section] Add Homeostasis
 1 file changed, 38 insertions(+)

------------------------------------------------------------
[374/697]
------------------------------------------------------------
Type       : section
Category   : admissibility
Title      : Physiological Regulation
Source     : lines 11846-11866
Destination: rsvp-evolution.tex
Commit     : [admissibility][section] Add Physiological Regulation
[main bec1e7f] [admissibility][section] Add Physiological Regulation
 1 file changed, 21 insertions(+)

------------------------------------------------------------
[375/697]
------------------------------------------------------------
Type       : section
Category   : physics
Title      : Development
Source     : lines 11867-11883
Destination: rsvp-evolution.tex
Commit     : [physics][section] Add Development
[main bfd1de6] [physics][section] Add Development
 1 file changed, 17 insertions(+)

------------------------------------------------------------
[376/697]
------------------------------------------------------------
Type       : section
Category   : physics
Title      : Evolution
Source     : lines 11884-11902
Destination: rsvp-evolution.tex
Commit     : [physics][section] Add Evolution
[main b46f9c9] [physics][section] Add Evolution
 1 file changed, 19 insertions(+)

------------------------------------------------------------
[377/697]
------------------------------------------------------------
Type       : section
Category   : formalism
Title      : The Immune System
Source     : lines 11903-11934
Destination: rsvp-evolution.tex
Commit     : [formalism][section] Add The Immune System
[main e963117] [formalism][section] Add The Immune System
 1 file changed, 32 insertions(+)

------------------------------------------------------------
[378/697]
------------------------------------------------------------
Type       : section
Category   : physics
Title      : Memory in Biological Systems
Source     : lines 11935-11948
Destination: rsvp-evolution.tex
Commit     : [physics][section] Add Memory in Biological Systems
[main 63f05fc] [physics][section] Add Memory in Biological Systems
 1 file changed, 14 insertions(+)

------------------------------------------------------------
[379/697]
------------------------------------------------------------
Type       : section
Category   : physics
Title      : Aging
Source     : lines 11949-11968
Destination: rsvp-evolution.tex
Commit     : [physics][section] Add Aging
[main 4538ded] [physics][section] Add Aging
 1 file changed, 20 insertions(+)

------------------------------------------------------------
[380/697]
------------------------------------------------------------
Type       : section
Category   : admissibility
Title      : Disease
Source     : lines 11969-11985
Destination: rsvp-evolution.tex
Commit     : [admissibility][section] Add Disease
[main d7f40ae] [admissibility][section] Add Disease
 1 file changed, 17 insertions(+)

------------------------------------------------------------
[381/697]
------------------------------------------------------------
Type       : section
Category   : physics
Title      : Hierarchical Repair
Source     : lines 11986-12008
Destination: rsvp-evolution.tex
Commit     : [physics][section] Add Hierarchical Repair
[main 4cae002] [physics][section] Add Hierarchical Repair
 1 file changed, 23 insertions(+)

------------------------------------------------------------
[382/697]
------------------------------------------------------------
Type       : section
Category   : physics
Title      : Discussion
Source     : lines 12009-12029
Destination: rsvp-evolution.tex
Commit     : [physics][section] Add Discussion
[main 3dd3c4d] [physics][section] Add Discussion
 1 file changed, 21 insertions(+)

------------------------------------------------------------
[383/697]
------------------------------------------------------------
Type       : chapter
Category   : chapter
Title      : Cognition
Source     : lines 12030-12031
Destination: rsvp-evolution.tex
Commit     : [chapter] Add Cognition
[main 870bc10] [chapter] Add Cognition
 1 file changed, 2 insertions(+)

------------------------------------------------------------
[384/697]
------------------------------------------------------------
Type       : section
Category   : physics
Title      : Introduction
Source     : lines 12032-12065
Destination: rsvp-evolution.tex
Commit     : [physics][section] Add Introduction
[main ed0d8b5] [physics][section] Add Introduction
 1 file changed, 34 insertions(+)

------------------------------------------------------------
[385/697]
------------------------------------------------------------
Type       : section
Category   : formalism
Title      : The Cognitive System as an Admissible Dynamical System
Source     : lines 12066-12119
Destination: rsvp-evolution.tex
Commit     : [formalism][section] Add The Cognitive System as an Admissible Dynamical System
[main 4c86fd5] [formalism][section] Add The Cognitive System as an Admissible Dynamical System
 1 file changed, 54 insertions(+)

------------------------------------------------------------
[386/697]
------------------------------------------------------------
Type       : section
Category   : formalism
Title      : Internal Models
Source     : lines 12120-12156
Destination: rsvp-evolution.tex
Commit     : [formalism][section] Add Internal Models
[main 88a4857] [formalism][section] Add Internal Models
 1 file changed, 37 insertions(+)

------------------------------------------------------------
[387/697]
------------------------------------------------------------
Type       : section
Category   : formalism
Title      : Predictive Processing
Source     : lines 12157-12198
Destination: rsvp-evolution.tex
Commit     : [formalism][section] Add Predictive Processing
[main 8928974] [formalism][section] Add Predictive Processing
 1 file changed, 42 insertions(+)

------------------------------------------------------------
[388/697]
------------------------------------------------------------
Type       : section
Category   : formalism
Title      : The Diagnostic Boundary
Source     : lines 12199-12236
Destination: rsvp-evolution.tex
Commit     : [formalism][section] Add The Diagnostic Boundary
[main 1eacd7a] [formalism][section] Add The Diagnostic Boundary
 1 file changed, 38 insertions(+)

------------------------------------------------------------
[389/697]
------------------------------------------------------------
Type       : section
Category   : formalism
Title      : Attention
Source     : lines 12237-12270
Destination: rsvp-evolution.tex
Commit     : [formalism][section] Add Attention
[main bf07ca3] [formalism][section] Add Attention
 1 file changed, 34 insertions(+)

------------------------------------------------------------
[390/697]
------------------------------------------------------------
Type       : section
Category   : admissibility
Title      : Memory
Source     : lines 12271-12294
Destination: rsvp-evolution.tex
Commit     : [admissibility][section] Add Memory
[main 6e54b2f] [admissibility][section] Add Memory
 1 file changed, 24 insertions(+)

------------------------------------------------------------
[391/697]
------------------------------------------------------------
Type       : section
Category   : formalism
Title      : Learning
Source     : lines 12295-12329
Destination: rsvp-evolution.tex
Commit     : [formalism][section] Add Learning
[main 766c0a4] [formalism][section] Add Learning
 1 file changed, 35 insertions(+)

------------------------------------------------------------
[392/697]
------------------------------------------------------------
Type       : section
Category   : formalism
Title      : Concept Formation
Source     : lines 12330-12354
Destination: rsvp-evolution.tex
Commit     : [formalism][section] Add Concept Formation
[main bc7fa62] [formalism][section] Add Concept Formation
 1 file changed, 25 insertions(+)

------------------------------------------------------------
[393/697]
------------------------------------------------------------
Type       : section
Category   : formalism
Title      : Action
Source     : lines 12355-12383
Destination: rsvp-evolution.tex
Commit     : [formalism][section] Add Action
[main f4e9f7b] [formalism][section] Add Action
 1 file changed, 29 insertions(+)

------------------------------------------------------------
[394/697]
------------------------------------------------------------
Type       : section
Category   : admissibility
Title      : Consciousness
Source     : lines 12384-12402
Destination: rsvp-evolution.tex
Commit     : [admissibility][section] Add Consciousness
[main cf5b547] [admissibility][section] Add Consciousness
 1 file changed, 19 insertions(+)

------------------------------------------------------------
[395/697]
------------------------------------------------------------
Type       : section
Category   : formalism
Title      : Predictive Failure
Source     : lines 12403-12431
Destination: rsvp-evolution.tex
Commit     : [formalism][section] Add Predictive Failure
[main f557f0d] [formalism][section] Add Predictive Failure
 1 file changed, 29 insertions(+)

------------------------------------------------------------
[396/697]
------------------------------------------------------------
Type       : section
Category   : physics
Title      : Comparison with Existing Frameworks
Source     : lines 12432-12452
Destination: rsvp-evolution.tex
Commit     : [physics][section] Add Comparison with Existing Frameworks
[main 9d427d7] [physics][section] Add Comparison with Existing Frameworks
 1 file changed, 21 insertions(+)

------------------------------------------------------------
[397/697]
------------------------------------------------------------
Type       : section
Category   : admissibility
Title      : Discussion
Source     : lines 12453-12482
Destination: rsvp-evolution.tex
Commit     : [admissibility][section] Add Discussion
[main f964ee9] [admissibility][section] Add Discussion
 1 file changed, 30 insertions(+)

------------------------------------------------------------
[398/697]
------------------------------------------------------------
Type       : chapter
Category   : chapter
Title      : Artificial Intelligence
Source     : lines 12483-12484
Destination: rsvp-evolution.tex
Commit     : [chapter] Add Artificial Intelligence
[main 0af3913] [chapter] Add Artificial Intelligence
 1 file changed, 2 insertions(+)

------------------------------------------------------------
[399/697]
------------------------------------------------------------
Type       : section
Category   : admissibility
Title      : Introduction
Source     : lines 12485-12512
Destination: rsvp-evolution.tex
Commit     : [admissibility][section] Add Introduction
[main d17c20a] [admissibility][section] Add Introduction
 1 file changed, 28 insertions(+)

------------------------------------------------------------
[400/697]
------------------------------------------------------------
Type       : section
Category   : formalism
Title      : Learning as Organizational Construction
Source     : lines 12513-12557
Destination: rsvp-evolution.tex
Commit     : [formalism][section] Add Learning as Organizational Construction
[main 4985cf3] [formalism][section] Add Learning as Organizational Construction
 1 file changed, 45 insertions(+)

------------------------------------------------------------
[401/697]
------------------------------------------------------------
Type       : section
Category   : formalism
Title      : Latent Spaces
Source     : lines 12558-12582
Destination: rsvp-evolution.tex
Commit     : [formalism][section] Add Latent Spaces
[main 914b666] [formalism][section] Add Latent Spaces
 1 file changed, 25 insertions(+)

------------------------------------------------------------
[402/697]
------------------------------------------------------------
Type       : section
Category   : admissibility
Title      : Embeddings
Source     : lines 12583-12604
Destination: rsvp-evolution.tex
Commit     : [admissibility][section] Add Embeddings
[main f9fdf46] [admissibility][section] Add Embeddings
 1 file changed, 22 insertions(+)

------------------------------------------------------------
[403/697]
------------------------------------------------------------
Type       : section
Category   : physics
Title      : Transformers
Source     : lines 12605-12627
Destination: rsvp-evolution.tex
Commit     : [physics][section] Add Transformers
[main e159543] [physics][section] Add Transformers
 1 file changed, 23 insertions(+)

------------------------------------------------------------
[404/697]
------------------------------------------------------------
Type       : section
Category   : formalism
Title      : Attention
Source     : lines 12628-12657
Destination: rsvp-evolution.tex
Commit     : [formalism][section] Add Attention
[main bc1f790] [formalism][section] Add Attention
 1 file changed, 30 insertions(+)

------------------------------------------------------------
[405/697]
------------------------------------------------------------
Type       : section
Category   : admissibility
Title      : Prediction
Source     : lines 12658-12677
Destination: rsvp-evolution.tex
Commit     : [admissibility][section] Add Prediction
[main eba1e65] [admissibility][section] Add Prediction
 1 file changed, 20 insertions(+)

------------------------------------------------------------
[406/697]
------------------------------------------------------------
Type       : section
Category   : physics
Title      : Hallucination
Source     : lines 12678-12698
Destination: rsvp-evolution.tex
Commit     : [physics][section] Add Hallucination
[main 07f5496] [physics][section] Add Hallucination
 1 file changed, 21 insertions(+)

------------------------------------------------------------
[407/697]
------------------------------------------------------------
Type       : section
Category   : formalism
Title      : Distribution Shift
Source     : lines 12699-12722
Destination: rsvp-evolution.tex
Commit     : [formalism][section] Add Distribution Shift
[main 47e86d3] [formalism][section] Add Distribution Shift
 1 file changed, 24 insertions(+)

------------------------------------------------------------
[408/697]
------------------------------------------------------------
Type       : section
Category   : admissibility
Title      : External Memory
Source     : lines 12723-12738
Destination: rsvp-evolution.tex
Commit     : [admissibility][section] Add External Memory
[main de4ddf2] [admissibility][section] Add External Memory
 1 file changed, 16 insertions(+)

------------------------------------------------------------
[409/697]
------------------------------------------------------------
Type       : section
Category   : admissibility
Title      : Reasoning
Source     : lines 12739-12755
Destination: rsvp-evolution.tex
Commit     : [admissibility][section] Add Reasoning
[main f7e288e] [admissibility][section] Add Reasoning
 1 file changed, 17 insertions(+)

------------------------------------------------------------
[410/697]
------------------------------------------------------------
Type       : section
Category   : formalism
Title      : Alignment
Source     : lines 12756-12791
Destination: rsvp-evolution.tex
Commit     : [formalism][section] Add Alignment
[main e1808fd] [formalism][section] Add Alignment
 1 file changed, 36 insertions(+)

------------------------------------------------------------
[411/697]
------------------------------------------------------------
Type       : section
Category   : admissibility
Title      : Recursive Self-Improvement
Source     : lines 12792-12809
Destination: rsvp-evolution.tex
Commit     : [admissibility][section] Add Recursive Self-Improvement
[main 4541c4b] [admissibility][section] Add Recursive Self-Improvement
 1 file changed, 18 insertions(+)

------------------------------------------------------------
[412/697]
------------------------------------------------------------
Type       : section
Category   : physics
Title      : Artificial General Intelligence
Source     : lines 12810-12822
Destination: rsvp-evolution.tex
Commit     : [physics][section] Add Artificial General Intelligence
[main b1ec27d] [physics][section] Add Artificial General Intelligence
 1 file changed, 13 insertions(+)

------------------------------------------------------------
[413/697]
------------------------------------------------------------
Type       : section
Category   : admissibility
Title      : Comparison with Existing Machine Learning Theory
Source     : lines 12823-12846
Destination: rsvp-evolution.tex
Commit     : [admissibility][section] Add Comparison with Existing Machine Learning Theory
[main 5ead48d] [admissibility][section] Add Comparison with Existing Machine Learning Theory
 1 file changed, 24 insertions(+)

------------------------------------------------------------
[414/697]
------------------------------------------------------------
Type       : section
Category   : admissibility
Title      : Discussion
Source     : lines 12847-12868
Destination: rsvp-evolution.tex
Commit     : [admissibility][section] Add Discussion
[main d4deaf6] [admissibility][section] Add Discussion
 1 file changed, 22 insertions(+)

------------------------------------------------------------
[415/697]
------------------------------------------------------------
Type       : chapter
Category   : chapter
Title      : Computation
Source     : lines 12869-12870
Destination: rsvp-evolution.tex
Commit     : [chapter] Add Computation
[main 770a8a6] [chapter] Add Computation
 1 file changed, 2 insertions(+)

------------------------------------------------------------
[416/697]
------------------------------------------------------------
Type       : section
Category   : physics
Title      : Introduction
Source     : lines 12871-12898
Destination: rsvp-evolution.tex
Commit     : [physics][section] Add Introduction
[main ae6619d] [physics][section] Add Introduction
 1 file changed, 28 insertions(+)

------------------------------------------------------------
[417/697]
------------------------------------------------------------
Type       : section
Category   : formalism
Title      : Programs as Organizational Processes
Source     : lines 12899-12930
Destination: rsvp-evolution.tex
Commit     : [formalism][section] Add Programs as Organizational Processes
[main cf3cdac] [formalism][section] Add Programs as Organizational Processes
 1 file changed, 32 insertions(+)

------------------------------------------------------------
[418/697]
------------------------------------------------------------
Type       : section
Category   : formalism
Title      : Computational Admissibility
Source     : lines 12931-12956
Destination: rsvp-evolution.tex
Commit     : [formalism][section] Add Computational Admissibility
[main 6d293c4] [formalism][section] Add Computational Admissibility
 1 file changed, 26 insertions(+)

------------------------------------------------------------
[419/697]
------------------------------------------------------------
Type       : section
Category   : admissibility
Title      : Programming Languages
Source     : lines 12957-12975
Destination: rsvp-evolution.tex
Commit     : [admissibility][section] Add Programming Languages
[main a8ab035] [admissibility][section] Add Programming Languages
 1 file changed, 19 insertions(+)

------------------------------------------------------------
[420/697]
------------------------------------------------------------
Type       : section
Category   : formalism
Title      : Type Systems
Source     : lines 12976-13010
Destination: rsvp-evolution.tex
Commit     : [formalism][section] Add Type Systems
[main 913e18b] [formalism][section] Add Type Systems
 1 file changed, 35 insertions(+)

------------------------------------------------------------
[421/697]
------------------------------------------------------------
Type       : section
Category   : admissibility
Title      : Ownership and Borrowing
Source     : lines 13011-13029
Destination: rsvp-evolution.tex
Commit     : [admissibility][section] Add Ownership and Borrowing
[main 12586f9] [admissibility][section] Add Ownership and Borrowing
 1 file changed, 19 insertions(+)

------------------------------------------------------------
[422/697]
------------------------------------------------------------
Type       : section
Category   : admissibility
Title      : Compilation
Source     : lines 13030-13048
Destination: rsvp-evolution.tex
Commit     : [admissibility][section] Add Compilation
[main 9f8a718] [admissibility][section] Add Compilation
 1 file changed, 19 insertions(+)

------------------------------------------------------------
[423/697]
------------------------------------------------------------
Type       : section
Category   : admissibility
Title      : Exceptions
Source     : lines 13049-13065
Destination: rsvp-evolution.tex
Commit     : [admissibility][section] Add Exceptions
[main 5cfe4ac] [admissibility][section] Add Exceptions
 1 file changed, 17 insertions(+)

------------------------------------------------------------
[424/697]
------------------------------------------------------------
Type       : section
Category   : admissibility
Title      : Refusal
Source     : lines 13066-13083
Destination: rsvp-evolution.tex
Commit     : [admissibility][section] Add Refusal
[main 62d85df] [admissibility][section] Add Refusal
 1 file changed, 18 insertions(+)

------------------------------------------------------------
[425/697]
------------------------------------------------------------
Type       : section
Category   : ontology
Title      : Garbage Collection
Source     : lines 13084-13101
Destination: rsvp-evolution.tex
Commit     : [ontology][section] Add Garbage Collection
[main 54fff95] [ontology][section] Add Garbage Collection
 1 file changed, 18 insertions(+)

------------------------------------------------------------
[426/697]
------------------------------------------------------------
Type       : section
Category   : admissibility
Title      : Operating Systems
Source     : lines 13102-13121
Destination: rsvp-evolution.tex
Commit     : [admissibility][section] Add Operating Systems
[main e92988c] [admissibility][section] Add Operating Systems
 1 file changed, 20 insertions(+)

------------------------------------------------------------
[427/697]
------------------------------------------------------------
Type       : section
Category   : admissibility
Title      : Concurrency
Source     : lines 13122-13137
Destination: rsvp-evolution.tex
Commit     : [admissibility][section] Add Concurrency
[main 95aa621] [admissibility][section] Add Concurrency
 1 file changed, 16 insertions(+)

------------------------------------------------------------
[428/697]
------------------------------------------------------------
Type       : section
Category   : admissibility
Title      : Distributed Systems
Source     : lines 13138-13155
Destination: rsvp-evolution.tex
Commit     : [admissibility][section] Add Distributed Systems
[main 2f39692] [admissibility][section] Add Distributed Systems
 1 file changed, 18 insertions(+)

------------------------------------------------------------
[429/697]
------------------------------------------------------------
Type       : section
Category   : physics
Title      : Flow Computing
Source     : lines 13156-13172
Destination: rsvp-evolution.tex
Commit     : [physics][section] Add Flow Computing
[main dc791bf] [physics][section] Add Flow Computing
 1 file changed, 17 insertions(+)

------------------------------------------------------------
[430/697]
------------------------------------------------------------
Type       : section
Category   : physics
Title      : Spherepop
Source     : lines 13173-13195
Destination: rsvp-evolution.tex
Commit     : [physics][section] Add Spherepop
[main a188fe3] [physics][section] Add Spherepop
 1 file changed, 23 insertions(+)

------------------------------------------------------------
[431/697]
------------------------------------------------------------
Type       : section
Category   : formalism
Title      : Verification
Source     : lines 13196-13221
Destination: rsvp-evolution.tex
Commit     : [formalism][section] Add Verification
[main afdd055] [formalism][section] Add Verification
 1 file changed, 26 insertions(+)

------------------------------------------------------------
[432/697]
------------------------------------------------------------
Type       : section
Category   : admissibility
Title      : Discussion
Source     : lines 13222-13249
Destination: rsvp-evolution.tex
Commit     : [admissibility][section] Add Discussion
[main 6a99305] [admissibility][section] Add Discussion
 1 file changed, 28 insertions(+)

------------------------------------------------------------
[433/697]
------------------------------------------------------------
Type       : chapter
Category   : chapter
Title      : Economic Organization
Source     : lines 13250-13251
Destination: rsvp-evolution.tex
Commit     : [chapter] Add Economic Organization
[main 87f60c3] [chapter] Add Economic Organization
 1 file changed, 2 insertions(+)

------------------------------------------------------------
[434/697]
------------------------------------------------------------
Type       : section
Category   : physics
Title      : Introduction
Source     : lines 13252-13284
Destination: rsvp-evolution.tex
Commit     : [physics][section] Add Introduction
[main ccee3c0] [physics][section] Add Introduction
 1 file changed, 33 insertions(+)

------------------------------------------------------------
[435/697]
------------------------------------------------------------
Type       : section
Category   : formalism
Title      : Economic Systems as Organizational Networks
Source     : lines 13285-13361
Destination: rsvp-evolution.tex
Commit     : [formalism][section] Add Economic Systems as Organizational Networks
[main 5b97581] [formalism][section] Add Economic Systems as Organizational Networks
 1 file changed, 77 insertions(+)

------------------------------------------------------------
[436/697]
------------------------------------------------------------
Type       : section
Category   : formalism
Title      : Preference as Reachability
Source     : lines 13362-13397
Destination: rsvp-evolution.tex
Commit     : [formalism][section] Add Preference as Reachability
[main 86e2863] [formalism][section] Add Preference as Reachability
 1 file changed, 36 insertions(+)

------------------------------------------------------------
[437/697]
------------------------------------------------------------
Type       : section
Category   : physics
Title      : Markets
Source     : lines 13398-13414
Destination: rsvp-evolution.tex
Commit     : [physics][section] Add Markets
[main b767e4b] [physics][section] Add Markets
 1 file changed, 17 insertions(+)

------------------------------------------------------------
[438/697]
------------------------------------------------------------
Type       : section
Category   : admissibility
Title      : Production
Source     : lines 13415-13430
Destination: rsvp-evolution.tex
Commit     : [admissibility][section] Add Production
[main 92ae0b9] [admissibility][section] Add Production
 1 file changed, 16 insertions(+)

------------------------------------------------------------
[439/697]
------------------------------------------------------------
Type       : section
Category   : admissibility
Title      : Institutions
Source     : lines 13431-13448
Destination: rsvp-evolution.tex
Commit     : [admissibility][section] Add Institutions
[main c276755] [admissibility][section] Add Institutions
 1 file changed, 18 insertions(+)

------------------------------------------------------------
[440/697]
------------------------------------------------------------
Type       : section
Category   : physics
Title      : Money
Source     : lines 13449-13466
Destination: rsvp-evolution.tex
Commit     : [physics][section] Add Money
[main 143252e] [physics][section] Add Money
 1 file changed, 18 insertions(+)

------------------------------------------------------------
[441/697]
------------------------------------------------------------
Type       : section
Category   : formalism
Title      : Fiscal Reachability
Source     : lines 13467-13504
Destination: rsvp-evolution.tex
Commit     : [formalism][section] Add Fiscal Reachability
[main 1190c05] [formalism][section] Add Fiscal Reachability
 1 file changed, 38 insertions(+)

------------------------------------------------------------
[442/697]
------------------------------------------------------------
Type       : section
Category   : admissibility
Title      : Economic Crises
Source     : lines 13505-13520
Destination: rsvp-evolution.tex
Commit     : [admissibility][section] Add Economic Crises
[main 1952891] [admissibility][section] Add Economic Crises
 1 file changed, 16 insertions(+)

------------------------------------------------------------
[443/697]
------------------------------------------------------------
Type       : section
Category   : admissibility
Title      : Innovation
Source     : lines 13521-13535
Destination: rsvp-evolution.tex
Commit     : [admissibility][section] Add Innovation
[main e78f738] [admissibility][section] Add Innovation
 1 file changed, 15 insertions(+)

------------------------------------------------------------
[444/697]
------------------------------------------------------------
Type       : section
Category   : admissibility
Title      : Global Economic Organization
Source     : lines 13536-13553
Destination: rsvp-evolution.tex
Commit     : [admissibility][section] Add Global Economic Organization
[main 3801dcc] [admissibility][section] Add Global Economic Organization
 1 file changed, 18 insertions(+)

------------------------------------------------------------
[445/697]
------------------------------------------------------------
Type       : section
Category   : physics
Title      : Comparison with Economic Theory
Source     : lines 13554-13573
Destination: rsvp-evolution.tex
Commit     : [physics][section] Add Comparison with Economic Theory
[main 96feda2] [physics][section] Add Comparison with Economic Theory
 1 file changed, 20 insertions(+)

------------------------------------------------------------
[446/697]
------------------------------------------------------------
Type       : section
Category   : admissibility
Title      : Discussion
Source     : lines 13574-13597
Destination: rsvp-evolution.tex
Commit     : [admissibility][section] Add Discussion
[main 53c39fa] [admissibility][section] Add Discussion
 1 file changed, 24 insertions(+)

------------------------------------------------------------
[447/697]
------------------------------------------------------------
Type       : chapter
Category   : chapter
Title      : Social Systems
Source     : lines 13598-13599
Destination: rsvp-evolution.tex
Commit     : [chapter] Add Social Systems
[main d3734ac] [chapter] Add Social Systems
 1 file changed, 2 insertions(+)

------------------------------------------------------------
[448/697]
------------------------------------------------------------
Type       : section
Category   : admissibility
Title      : Introduction
Source     : lines 13600-13637
Destination: rsvp-evolution.tex
Commit     : [admissibility][section] Add Introduction
[main acf73c7] [admissibility][section] Add Introduction
 1 file changed, 38 insertions(+)

------------------------------------------------------------
[449/697]
------------------------------------------------------------
Type       : section
Category   : formalism
Title      : Society as Organizational Continuation
Source     : lines 13638-13717
Destination: rsvp-evolution.tex
Commit     : [formalism][section] Add Society as Organizational Continuation
[main 3d663ae] [formalism][section] Add Society as Organizational Continuation
 1 file changed, 80 insertions(+)

------------------------------------------------------------
[450/697]
------------------------------------------------------------
Type       : section
Category   : physics
Title      : Communication
Source     : lines 13718-13736
Destination: rsvp-evolution.tex
Commit     : [physics][section] Add Communication
[main b3db4a7] [physics][section] Add Communication
 1 file changed, 19 insertions(+)

------------------------------------------------------------
[451/697]
------------------------------------------------------------
Type       : section
Category   : admissibility
Title      : Language
Source     : lines 13737-13756
Destination: rsvp-evolution.tex
Commit     : [admissibility][section] Add Language
[main f36bc32] [admissibility][section] Add Language
 1 file changed, 20 insertions(+)

------------------------------------------------------------
[452/697]
------------------------------------------------------------
Type       : section
Category   : admissibility
Title      : Culture
Source     : lines 13757-13774
Destination: rsvp-evolution.tex
Commit     : [admissibility][section] Add Culture
[main b72dec8] [admissibility][section] Add Culture
 1 file changed, 18 insertions(+)

------------------------------------------------------------
[453/697]
------------------------------------------------------------
Type       : section
Category   : admissibility
Title      : Norms
Source     : lines 13775-13790
Destination: rsvp-evolution.tex
Commit     : [admissibility][section] Add Norms
[main 93448fa] [admissibility][section] Add Norms
 1 file changed, 16 insertions(+)

------------------------------------------------------------
[454/697]
------------------------------------------------------------
Type       : section
Category   : admissibility
Title      : Institutions
Source     : lines 13791-13806
Destination: rsvp-evolution.tex
Commit     : [admissibility][section] Add Institutions
[main 274c9db] [admissibility][section] Add Institutions
 1 file changed, 16 insertions(+)

------------------------------------------------------------
[455/697]
------------------------------------------------------------
Type       : section
Category   : admissibility
Title      : Science
Source     : lines 13807-13828
Destination: rsvp-evolution.tex
Commit     : [admissibility][section] Add Science
[main 964df4f] [admissibility][section] Add Science
 1 file changed, 22 insertions(+)

------------------------------------------------------------
[456/697]
------------------------------------------------------------
Type       : section
Category   : admissibility
Title      : Technology
Source     : lines 13829-13852
Destination: rsvp-evolution.tex
Commit     : [admissibility][section] Add Technology
[main 114c4fb] [admissibility][section] Add Technology
 1 file changed, 24 insertions(+)

------------------------------------------------------------
[457/697]
------------------------------------------------------------
Type       : section
Category   : admissibility
Title      : Conflict
Source     : lines 13853-13866
Destination: rsvp-evolution.tex
Commit     : [admissibility][section] Add Conflict
[main e02c2ae] [admissibility][section] Add Conflict
 1 file changed, 14 insertions(+)

------------------------------------------------------------
[458/697]
------------------------------------------------------------
Type       : section
Category   : semantics
Title      : Civilizations
Source     : lines 13867-13883
Destination: rsvp-evolution.tex
Commit     : [semantics][section] Add Civilizations
[main be9df6c] [semantics][section] Add Civilizations
 1 file changed, 17 insertions(+)

------------------------------------------------------------
[459/697]
------------------------------------------------------------
Type       : section
Category   : semantics
Title      : Digital Society
Source     : lines 13884-13901
Destination: rsvp-evolution.tex
Commit     : [semantics][section] Add Digital Society
[main 1748e8e] [semantics][section] Add Digital Society
 1 file changed, 18 insertions(+)

------------------------------------------------------------
[460/697]
------------------------------------------------------------
Type       : section
Category   : physics
Title      : Ethics
Source     : lines 13902-13917
Destination: rsvp-evolution.tex
Commit     : [physics][section] Add Ethics
[main f0ca37f] [physics][section] Add Ethics
 1 file changed, 16 insertions(+)

------------------------------------------------------------
[461/697]
------------------------------------------------------------
Type       : section
Category   : semantics
Title      : The Ecology of Distinctions
Source     : lines 13918-13942
Destination: rsvp-evolution.tex
Commit     : [semantics][section] Add The Ecology of Distinctions
[main 0178525] [semantics][section] Add The Ecology of Distinctions
 1 file changed, 25 insertions(+)

------------------------------------------------------------
[462/697]
------------------------------------------------------------
Type       : section
Category   : admissibility
Title      : Discussion
Source     : lines 13943-13980
Destination: rsvp-evolution.tex
Commit     : [admissibility][section] Add Discussion
[main bed90a5] [admissibility][section] Add Discussion
 1 file changed, 38 insertions(+)

------------------------------------------------------------
[463/697]
------------------------------------------------------------
Type       : part
Category   : part
Title      : Philosophy and Future Work
Source     : lines 13981-13982
Destination: rsvp-evolution.tex
Commit     : [part] Begin Philosophy and Future Work
[main 7e8a644] [part] Begin Philosophy and Future Work
 1 file changed, 2 insertions(+)

------------------------------------------------------------
[464/697]
------------------------------------------------------------
Type       : chapter
Category   : chapter
Title      : Ontology
Source     : lines 13983-13984
Destination: rsvp-evolution.tex
Commit     : [chapter] Add Ontology
[main 1788577] [chapter] Add Ontology
 1 file changed, 2 insertions(+)

------------------------------------------------------------
[465/697]
------------------------------------------------------------
Type       : section
Category   : formalism
Title      : Introduction
Source     : lines 13985-14014
Destination: rsvp-evolution.tex
Commit     : [formalism][section] Add Introduction
[main d806411] [formalism][section] Add Introduction
 1 file changed, 30 insertions(+)

------------------------------------------------------------
[466/697]
------------------------------------------------------------
Type       : section
Category   : ontology
Title      : From Substance to Continuation
Source     : lines 14015-14046
Destination: rsvp-evolution.tex
Commit     : [ontology][section] Add From Substance to Continuation
[main 7012ad9] [ontology][section] Add From Substance to Continuation
 1 file changed, 32 insertions(+)

------------------------------------------------------------
[467/697]
------------------------------------------------------------
Type       : section
Category   : formalism
Title      : Objects as Organizational Trajectories
Source     : lines 14047-14088
Destination: rsvp-evolution.tex
Commit     : [formalism][section] Add Objects as Organizational Trajectories
[main 5ee354e] [formalism][section] Add Objects as Organizational Trajectories
 1 file changed, 42 insertions(+)

------------------------------------------------------------
[468/697]
------------------------------------------------------------
Type       : section
Category   : ontology
Title      : Repair as an Ontological Criterion
Source     : lines 14089-14110
Destination: rsvp-evolution.tex
Commit     : [ontology][section] Add Repair as an Ontological Criterion
[main 0191673] [ontology][section] Add Repair as an Ontological Criterion
 1 file changed, 22 insertions(+)

------------------------------------------------------------
[469/697]
------------------------------------------------------------
Type       : section
Category   : ontology
Title      : Admissibility and Existence
Source     : lines 14111-14128
Destination: rsvp-evolution.tex
Commit     : [ontology][section] Add Admissibility and Existence
[main 0465ff8] [ontology][section] Add Admissibility and Existence
 1 file changed, 18 insertions(+)

------------------------------------------------------------
[470/697]
------------------------------------------------------------
Type       : section
Category   : physics
Title      : Identity Through Replacement
Source     : lines 14129-14167
Destination: rsvp-evolution.tex
Commit     : [physics][section] Add Identity Through Replacement
[main 5f5e575] [physics][section] Add Identity Through Replacement
 1 file changed, 39 insertions(+)

------------------------------------------------------------
[471/697]
------------------------------------------------------------
Type       : section
Category   : ontology
Title      : Structural Realism
Source     : lines 14168-14192
Destination: rsvp-evolution.tex
Commit     : [ontology][section] Add Structural Realism
[main 42c7b68] [ontology][section] Add Structural Realism
 1 file changed, 25 insertions(+)

------------------------------------------------------------
[472/697]
------------------------------------------------------------
Type       : section
Category   : physics
Title      : Process Philosophy
Source     : lines 14193-14220
Destination: rsvp-evolution.tex
Commit     : [physics][section] Add Process Philosophy
[main 5357977] [physics][section] Add Process Philosophy
 1 file changed, 28 insertions(+)

------------------------------------------------------------
[473/697]
------------------------------------------------------------
Type       : section
Category   : ontology
Title      : Reachability Ontology
Source     : lines 14221-14247
Destination: rsvp-evolution.tex
Commit     : [ontology][section] Add Reachability Ontology
[main bd23520] [ontology][section] Add Reachability Ontology
 1 file changed, 27 insertions(+)

------------------------------------------------------------
[474/697]
------------------------------------------------------------
Type       : section
Category   : ontology
Title      : Distinction Before Representation
Source     : lines 14248-14273
Destination: rsvp-evolution.tex
Commit     : [ontology][section] Add Distinction Before Representation
[main c4fc25c] [ontology][section] Add Distinction Before Representation
 1 file changed, 26 insertions(+)

------------------------------------------------------------
[475/697]
------------------------------------------------------------
Type       : section
Category   : ontology
Title      : The Ontology of Boundaries
Source     : lines 14274-14294
Destination: rsvp-evolution.tex
Commit     : [ontology][section] Add The Ontology of Boundaries
[main a61f8b8] [ontology][section] Add The Ontology of Boundaries
 1 file changed, 21 insertions(+)

------------------------------------------------------------
[476/697]
------------------------------------------------------------
Type       : section
Category   : physics
Title      : Persistence
Source     : lines 14295-14314
Destination: rsvp-evolution.tex
Commit     : [physics][section] Add Persistence
[main a61be19] [physics][section] Add Persistence
 1 file changed, 20 insertions(+)

------------------------------------------------------------
[477/697]
------------------------------------------------------------
Type       : section
Category   : ontology
Title      : Discussion
Source     : lines 14315-14346
Destination: rsvp-evolution.tex
Commit     : [ontology][section] Add Discussion
[main e6d098a] [ontology][section] Add Discussion
 1 file changed, 32 insertions(+)

------------------------------------------------------------
[478/697]
------------------------------------------------------------
Type       : chapter
Category   : chapter
Title      : Epistemology
Source     : lines 14347-14348
Destination: rsvp-evolution.tex
Commit     : [chapter] Add Epistemology
[main 5c24eb0] [chapter] Add Epistemology
 1 file changed, 2 insertions(+)

------------------------------------------------------------
[479/697]
------------------------------------------------------------
Type       : section
Category   : ontology
Title      : Introduction
Source     : lines 14349-14370
Destination: rsvp-evolution.tex
Commit     : [ontology][section] Add Introduction
[main debbfd3] [ontology][section] Add Introduction
 1 file changed, 22 insertions(+)

------------------------------------------------------------
[480/697]
------------------------------------------------------------
Type       : section
Category   : formalism
Title      : Embedded Observation
Source     : lines 14371-14418
Destination: rsvp-evolution.tex
Commit     : [formalism][section] Add Embedded Observation
[main 873f259] [formalism][section] Add Embedded Observation
 1 file changed, 48 insertions(+)

------------------------------------------------------------
[481/697]
------------------------------------------------------------
Type       : section
Category   : formalism
Title      : Diagnostic Coordinates
Source     : lines 14419-14446
Destination: rsvp-evolution.tex
Commit     : [formalism][section] Add Diagnostic Coordinates
[main 11665e0] [formalism][section] Add Diagnostic Coordinates
 1 file changed, 28 insertions(+)

------------------------------------------------------------
[482/697]
------------------------------------------------------------
Type       : section
Category   : formalism
Title      : The Diagnostic Boundary
Source     : lines 14447-14484
Destination: rsvp-evolution.tex
Commit     : [formalism][section] Add The Diagnostic Boundary
[main bf6efc2] [formalism][section] Add The Diagnostic Boundary
 1 file changed, 38 insertions(+)

------------------------------------------------------------
[483/697]
------------------------------------------------------------
Type       : section
Category   : semantics
Title      : Scientific Models
Source     : lines 14485-14502
Destination: rsvp-evolution.tex
Commit     : [semantics][section] Add Scientific Models
[main d6c8f7d] [semantics][section] Add Scientific Models
 1 file changed, 18 insertions(+)

------------------------------------------------------------
[484/697]
------------------------------------------------------------
Type       : section
Category   : physics
Title      : Recovering Classical Theories
Source     : lines 14503-14526
Destination: rsvp-evolution.tex
Commit     : [physics][section] Add Recovering Classical Theories
[main facc3f8] [physics][section] Add Recovering Classical Theories
 1 file changed, 24 insertions(+)

------------------------------------------------------------
[485/697]
------------------------------------------------------------
Type       : section
Category   : formalism
Title      : Observation as Compression
Source     : lines 14527-14559
Destination: rsvp-evolution.tex
Commit     : [formalism][section] Add Observation as Compression
[main 24dce25] [formalism][section] Add Observation as Compression
 1 file changed, 33 insertions(+)

------------------------------------------------------------
[486/697]
------------------------------------------------------------
Type       : section
Category   : admissibility
Title      : Prediction
Source     : lines 14560-14577
Destination: rsvp-evolution.tex
Commit     : [admissibility][section] Add Prediction
[main 3d17e72] [admissibility][section] Add Prediction
 1 file changed, 18 insertions(+)

------------------------------------------------------------
[487/697]
------------------------------------------------------------
Type       : section
Category   : exposition
Title      : Bayesian Repair
Source     : lines 14578-14605
Destination: rsvp-evolution.tex
Commit     : [exposition][section] Add Bayesian Repair
[main 6bad76f] [exposition][section] Add Bayesian Repair
 1 file changed, 28 insertions(+)

------------------------------------------------------------
[488/697]
------------------------------------------------------------
Type       : section
Category   : semantics
Title      : The Limits of Knowledge
Source     : lines 14606-14623
Destination: rsvp-evolution.tex
Commit     : [semantics][section] Add The Limits of Knowledge
[main c6e5506] [semantics][section] Add The Limits of Knowledge
 1 file changed, 18 insertions(+)

------------------------------------------------------------
[489/697]
------------------------------------------------------------
Type       : section
Category   : physics
Title      : Objectivity
Source     : lines 14624-14642
Destination: rsvp-evolution.tex
Commit     : [physics][section] Add Objectivity
[main 793dcf2] [physics][section] Add Objectivity
 1 file changed, 19 insertions(+)

------------------------------------------------------------
[490/697]
------------------------------------------------------------
Type       : section
Category   : admissibility
Title      : Measurement
Source     : lines 14643-14661
Destination: rsvp-evolution.tex
Commit     : [admissibility][section] Add Measurement
[main ea963ac] [admissibility][section] Add Measurement
 1 file changed, 19 insertions(+)

------------------------------------------------------------
[491/697]
------------------------------------------------------------
Type       : section
Category   : admissibility
Title      : Scientific Progress
Source     : lines 14662-14677
Destination: rsvp-evolution.tex
Commit     : [admissibility][section] Add Scientific Progress
[main af7f108] [admissibility][section] Add Scientific Progress
 1 file changed, 16 insertions(+)

------------------------------------------------------------
[492/697]
------------------------------------------------------------
Type       : section
Category   : ontology
Title      : Discussion
Source     : lines 14678-14702
Destination: rsvp-evolution.tex
Commit     : [ontology][section] Add Discussion
[main e9884c3] [ontology][section] Add Discussion
 1 file changed, 25 insertions(+)

------------------------------------------------------------
[493/697]
------------------------------------------------------------
Type       : chapter
Category   : chapter
Title      : Comparison with Existing Frameworks
Source     : lines 14703-14704
Destination: rsvp-evolution.tex
Commit     : [chapter] Add Comparison with Existing Frameworks
[main dd4d66e] [chapter] Add Comparison with Existing Frameworks
 1 file changed, 2 insertions(+)

------------------------------------------------------------
[494/697]
------------------------------------------------------------
Type       : section
Category   : admissibility
Title      : Introduction
Source     : lines 14705-14729
Destination: rsvp-evolution.tex
Commit     : [admissibility][section] Add Introduction
[main 42ce15a] [admissibility][section] Add Introduction
 1 file changed, 25 insertions(+)

------------------------------------------------------------
[495/697]
------------------------------------------------------------
Type       : section
Category   : physics
Title      : Newtonian Mechanics
Source     : lines 14730-14752
Destination: rsvp-evolution.tex
Commit     : [physics][section] Add Newtonian Mechanics
[main ed15a25] [physics][section] Add Newtonian Mechanics
 1 file changed, 23 insertions(+)

------------------------------------------------------------
[496/697]
------------------------------------------------------------
Type       : section
Category   : formalism
Title      : General Relativity
Source     : lines 14753-14786
Destination: rsvp-evolution.tex
Commit     : [formalism][section] Add General Relativity
[main 5b775bf] [formalism][section] Add General Relativity
 1 file changed, 34 insertions(+)

------------------------------------------------------------
[497/697]
------------------------------------------------------------
Type       : section
Category   : physics
Title      : Quantum Theory
Source     : lines 14787-14815
Destination: rsvp-evolution.tex
Commit     : [physics][section] Add Quantum Theory
[main 5e3951c] [physics][section] Add Quantum Theory
 1 file changed, 29 insertions(+)

------------------------------------------------------------
[498/697]
------------------------------------------------------------
Type       : section
Category   : ontology
Title      : Process Philosophy
Source     : lines 14816-14841
Destination: rsvp-evolution.tex
Commit     : [ontology][section] Add Process Philosophy
[main 948a9c6] [ontology][section] Add Process Philosophy
 1 file changed, 26 insertions(+)

------------------------------------------------------------
[499/697]
------------------------------------------------------------
Type       : section
Category   : ontology
Title      : Structural Realism
Source     : lines 14842-14864
Destination: rsvp-evolution.tex
Commit     : [ontology][section] Add Structural Realism
[main e3690e2] [ontology][section] Add Structural Realism
 1 file changed, 23 insertions(+)

------------------------------------------------------------
[500/697]
------------------------------------------------------------
Type       : section
Category   : physics
Title      : Predictive Processing and Active Inference
Source     : lines 14865-14902
Destination: rsvp-evolution.tex
Commit     : [physics][section] Add Predictive Processing and Active Inference
[main 914a6bb] [physics][section] Add Predictive Processing and Active Inference
 1 file changed, 38 insertions(+)

------------------------------------------------------------
[501/697]
------------------------------------------------------------
Type       : section
Category   : formalism
Title      : Category Theory
Source     : lines 14903-14940
Destination: rsvp-evolution.tex
Commit     : [formalism][section] Add Category Theory
[main aa0230d] [formalism][section] Add Category Theory
 1 file changed, 38 insertions(+)

------------------------------------------------------------
[502/697]
------------------------------------------------------------
Type       : section
Category   : physics
Title      : Systems Theory
Source     : lines 14941-14960
Destination: rsvp-evolution.tex
Commit     : [physics][section] Add Systems Theory
[main d64f381] [physics][section] Add Systems Theory
 1 file changed, 20 insertions(+)

------------------------------------------------------------
[503/697]
------------------------------------------------------------
Type       : section
Category   : physics
Title      : Scope of the Framework
Source     : lines 14961-14981
Destination: rsvp-evolution.tex
Commit     : [physics][section] Add Scope of the Framework
[main b8d4da9] [physics][section] Add Scope of the Framework
 1 file changed, 21 insertions(+)

------------------------------------------------------------
[504/697]
------------------------------------------------------------
Type       : section
Category   : table
Title      : Summary
Source     : lines 14982-15020
Destination: rsvp-evolution.tex
Commit     : [table][section] Add Summary
[main 75de3d7] [table][section] Add Summary
 1 file changed, 39 insertions(+)

------------------------------------------------------------
[505/697]
------------------------------------------------------------
Type       : chapter
Category   : chapter
Title      : Open Problems and Future Directions
Source     : lines 15021-15022
Destination: rsvp-evolution.tex
Commit     : [chapter] Add Open Problems and Future Directions
[main 02b1bfe] [chapter] Add Open Problems and Future Directions
 1 file changed, 2 insertions(+)

------------------------------------------------------------
[506/697]
------------------------------------------------------------
Type       : section
Category   : biology
Title      : Introduction
Source     : lines 15023-15043
Destination: rsvp-evolution.tex
Commit     : [biology][section] Add Introduction
[main 43aab94] [biology][section] Add Introduction
 1 file changed, 21 insertions(+)

------------------------------------------------------------
[507/697]
------------------------------------------------------------
Type       : section
Category   : admissibility
Title      : Mathematical Problems
Source     : lines 15044-15054
Destination: rsvp-evolution.tex
Commit     : [admissibility][section] Add Mathematical Problems
[main c9a4b1e] [admissibility][section] Add Mathematical Problems
 1 file changed, 11 insertions(+)

------------------------------------------------------------
[508/697]
------------------------------------------------------------
Type       : section
Category   : admissibility
Title      : The Fundamental Continuation Theorem
Source     : lines 15055-15074
Destination: rsvp-evolution.tex
Commit     : [admissibility][section] Add The Fundamental Continuation Theorem
[main 79d4436] [admissibility][section] Add The Fundamental Continuation Theorem
 1 file changed, 20 insertions(+)

------------------------------------------------------------
[509/697]
------------------------------------------------------------
Type       : section
Category   : formalism
Title      : Internal Development of \texorpdfstring$\mathbfAdm
Source     : lines 15075-15101
Destination: rsvp-evolution.tex
Commit     : [formalism][section] Add Internal Development of \texorpdfstring$\mathbfAdm
[main 80f3909] [formalism][section] Add Internal Development of \texorpdfstring$\mathbfAdm
 1 file changed, 27 insertions(+)

------------------------------------------------------------
[510/697]
------------------------------------------------------------
Type       : section
Category   : physics
Title      : Variational Repair
Source     : lines 15102-15115
Destination: rsvp-evolution.tex
Commit     : [physics][section] Add Variational Repair
[main 6e26e5c] [physics][section] Add Variational Repair
 1 file changed, 14 insertions(+)

------------------------------------------------------------
[511/697]
------------------------------------------------------------
Type       : section
Category   : admissibility
Title      : Topology and Organizational Geometry
Source     : lines 15116-15128
Destination: rsvp-evolution.tex
Commit     : [admissibility][section] Add Topology and Organizational Geometry
[main 1355d22] [admissibility][section] Add Topology and Organizational Geometry
 1 file changed, 13 insertions(+)

------------------------------------------------------------
[512/697]
------------------------------------------------------------
Type       : section
Category   : application
Title      : Physical Problems
Source     : lines 15129-15135
Destination: rsvp-evolution.tex
Commit     : [application][section] Add Physical Problems
[main 92a669c] [application][section] Add Physical Problems
 1 file changed, 7 insertions(+)

------------------------------------------------------------
[513/697]
------------------------------------------------------------
Type       : section
Category   : physics
Title      : Quantum Foundations
Source     : lines 15136-15149
Destination: rsvp-evolution.tex
Commit     : [physics][section] Add Quantum Foundations
[main 20e35b2] [physics][section] Add Quantum Foundations
 1 file changed, 14 insertions(+)

------------------------------------------------------------
[514/697]
------------------------------------------------------------
Type       : section
Category   : formalism
Title      : Cosmology
Source     : lines 15150-15173
Destination: rsvp-evolution.tex
Commit     : [formalism][section] Add Cosmology
[main f7e67ee] [formalism][section] Add Cosmology
 1 file changed, 24 insertions(+)

------------------------------------------------------------
[515/697]
------------------------------------------------------------
Type       : section
Category   : physics
Title      : Observational Signatures
Source     : lines 15174-15188
Destination: rsvp-evolution.tex
Commit     : [physics][section] Add Observational Signatures
[main a6bd219] [physics][section] Add Observational Signatures
 1 file changed, 15 insertions(+)

------------------------------------------------------------
[516/697]
------------------------------------------------------------
Type       : section
Category   : exposition
Title      : Organizational Problems
Source     : lines 15189-15195
Destination: rsvp-evolution.tex
Commit     : [exposition][section] Add Organizational Problems
[main 2e964f5] [exposition][section] Add Organizational Problems
 1 file changed, 7 insertions(+)

------------------------------------------------------------
[517/697]
------------------------------------------------------------
Type       : section
Category   : admissibility
Title      : Consciousness
Source     : lines 15196-15211
Destination: rsvp-evolution.tex
Commit     : [admissibility][section] Add Consciousness
[main 67b7e6e] [admissibility][section] Add Consciousness
 1 file changed, 16 insertions(+)

------------------------------------------------------------
[518/697]
------------------------------------------------------------
Type       : section
Category   : admissibility
Title      : Artificial Intelligence
Source     : lines 15212-15229
Destination: rsvp-evolution.tex
Commit     : [admissibility][section] Add Artificial Intelligence
[main d4f5439] [admissibility][section] Add Artificial Intelligence
 1 file changed, 18 insertions(+)

------------------------------------------------------------
[519/697]
------------------------------------------------------------
Type       : section
Category   : admissibility
Title      : Economic Organization
Source     : lines 15230-15241
Destination: rsvp-evolution.tex
Commit     : [admissibility][section] Add Economic Organization
[main ca707ba] [admissibility][section] Add Economic Organization
 1 file changed, 12 insertions(+)

------------------------------------------------------------
[520/697]
------------------------------------------------------------
Type       : section
Category   : admissibility
Title      : Social Systems
Source     : lines 15242-15252
Destination: rsvp-evolution.tex
Commit     : [admissibility][section] Add Social Systems
[main f963e29] [admissibility][section] Add Social Systems
 1 file changed, 11 insertions(+)

------------------------------------------------------------
[521/697]
------------------------------------------------------------
Type       : section
Category   : semantics
Title      : Empirical Discipline
Source     : lines 15253-15273
Destination: rsvp-evolution.tex
Commit     : [semantics][section] Add Empirical Discipline
[main d49182f] [semantics][section] Add Empirical Discipline
 1 file changed, 21 insertions(+)

------------------------------------------------------------
[522/697]
------------------------------------------------------------
Type       : section
Category   : application
Title      : Falsifiability
Source     : lines 15274-15286
Destination: rsvp-evolution.tex
Commit     : [application][section] Add Falsifiability
[main ad6dcc1] [application][section] Add Falsifiability
 1 file changed, 13 insertions(+)

------------------------------------------------------------
[523/697]
------------------------------------------------------------
Type       : section
Category   : admissibility
Title      : The Future of the Research Program
Source     : lines 15287-15305
Destination: rsvp-evolution.tex
Commit     : [admissibility][section] Add The Future of the Research Program
[main beb30f1] [admissibility][section] Add The Future of the Research Program
 1 file changed, 19 insertions(+)

------------------------------------------------------------
[524/697]
------------------------------------------------------------
Type       : section
Category   : formalism
Title      : Conclusion
Source     : lines 15306-15340
Destination: rsvp-evolution.tex
Commit     : [formalism][section] Add Conclusion
[main 178f6b0] [formalism][section] Add Conclusion
 1 file changed, 35 insertions(+)

------------------------------------------------------------
[525/697]
------------------------------------------------------------
Type       : chapter
Category   : chapter
Title      : Epilogue
Source     : lines 15341-15489
Destination: rsvp-evolution.tex
Commit     : [chapter] Add Epilogue
[main b153ac2] [chapter] Add Epilogue
 1 file changed, 149 insertions(+)

------------------------------------------------------------
[526/697]
------------------------------------------------------------
Type       : chapter
Category   : chapter
Title      : A Note on the Appendices
Source     : lines 15490-15526
Destination: rsvp-evolution.tex
Commit     : [chapter] Add A Note on the Appendices
[main 5fc6c5f] [chapter] Add A Note on the Appendices
 1 file changed, 37 insertions(+)

------------------------------------------------------------
[527/697]
------------------------------------------------------------
Type       : chapter
Category   : chapter
Title      : Topological Foundations
Source     : lines 15527-15528
Destination: rsvp-evolution.tex
Commit     : [chapter] Add Topological Foundations
[main d8a53d7] [chapter] Add Topological Foundations
 1 file changed, 2 insertions(+)

------------------------------------------------------------
[528/697]
------------------------------------------------------------
Type       : section
Category   : formalism
Title      : Purpose
Source     : lines 15529-15550
Destination: rsvp-evolution.tex
Commit     : [formalism][section] Add Purpose
[main c28494c] [formalism][section] Add Purpose
 1 file changed, 22 insertions(+)

------------------------------------------------------------
[529/697]
------------------------------------------------------------
Type       : section
Category   : formalism
Title      : Configuration Space
Source     : lines 15551-15575
Destination: rsvp-evolution.tex
Commit     : [formalism][section] Add Configuration Space
[main 8b25f76] [formalism][section] Add Configuration Space
 1 file changed, 25 insertions(+)

------------------------------------------------------------
[530/697]
------------------------------------------------------------
Type       : section
Category   : formalism
Title      : Topological Structure
Source     : lines 15576-15599
Destination: rsvp-evolution.tex
Commit     : [formalism][section] Add Topological Structure
[main d8fb853] [formalism][section] Add Topological Structure
 1 file changed, 24 insertions(+)

------------------------------------------------------------
[531/697]
------------------------------------------------------------
Type       : section
Category   : formalism
Title      : Admissible Region
Source     : lines 15600-15623
Destination: rsvp-evolution.tex
Commit     : [formalism][section] Add Admissible Region
[main 1b85c04] [formalism][section] Add Admissible Region
 1 file changed, 24 insertions(+)

------------------------------------------------------------
[532/697]
------------------------------------------------------------
Type       : section
Category   : formalism
Title      : Boundary
Source     : lines 15624-15652
Destination: rsvp-evolution.tex
Commit     : [formalism][section] Add Boundary
[main 8d02b63] [formalism][section] Add Boundary
 1 file changed, 29 insertions(+)

------------------------------------------------------------
[533/697]
------------------------------------------------------------
Type       : section
Category   : formalism
Title      : Continuation Paths
Source     : lines 15653-15670
Destination: rsvp-evolution.tex
Commit     : [formalism][section] Add Continuation Paths
[main 652a503] [formalism][section] Add Continuation Paths
 1 file changed, 18 insertions(+)

------------------------------------------------------------
[534/697]
------------------------------------------------------------
Type       : section
Category   : formalism
Title      : Connected Components
Source     : lines 15671-15699
Destination: rsvp-evolution.tex
Commit     : [formalism][section] Add Connected Components
[main 9c3c7b2] [formalism][section] Add Connected Components
 1 file changed, 29 insertions(+)

------------------------------------------------------------
[535/697]
------------------------------------------------------------
Type       : section
Category   : theorem
Title      : Compactness
Source     : lines 15700-15716
Destination: rsvp-evolution.tex
Commit     : [theorem][section] Add Compactness
[main b789364] [theorem][section] Add Compactness
 1 file changed, 17 insertions(+)

------------------------------------------------------------
[536/697]
------------------------------------------------------------
Type       : section
Category   : formalism
Title      : Closure
Source     : lines 15717-15733
Destination: rsvp-evolution.tex
Commit     : [formalism][section] Add Closure
[main 93ec315] [formalism][section] Add Closure
 1 file changed, 17 insertions(+)

------------------------------------------------------------
[537/697]
------------------------------------------------------------
Type       : section
Category   : formalism
Title      : Interior
Source     : lines 15734-15750
Destination: rsvp-evolution.tex
Commit     : [formalism][section] Add Interior
[main a74f803] [formalism][section] Add Interior
 1 file changed, 17 insertions(+)

------------------------------------------------------------
[538/697]
------------------------------------------------------------
Type       : section
Category   : formalism
Title      : Neighborhoods
Source     : lines 15751-15773
Destination: rsvp-evolution.tex
Commit     : [formalism][section] Add Neighborhoods
[main cec7853] [formalism][section] Add Neighborhoods
 1 file changed, 23 insertions(+)

------------------------------------------------------------
[539/697]
------------------------------------------------------------
Type       : section
Category   : formalism
Title      : Organizational Distance
Source     : lines 15774-15801
Destination: rsvp-evolution.tex
Commit     : [formalism][section] Add Organizational Distance
[main 9f27ea5] [formalism][section] Add Organizational Distance
 1 file changed, 28 insertions(+)

------------------------------------------------------------
[540/697]
------------------------------------------------------------
Type       : section
Category   : formalism
Title      : Homeomorphism
Source     : lines 15802-15821
Destination: rsvp-evolution.tex
Commit     : [formalism][section] Add Homeomorphism
[main 61e28b4] [formalism][section] Add Homeomorphism
 1 file changed, 20 insertions(+)

------------------------------------------------------------
[541/697]
------------------------------------------------------------
Type       : section
Category   : admissibility
Title      : Topological Invariants
Source     : lines 15822-15834
Destination: rsvp-evolution.tex
Commit     : [admissibility][section] Add Topological Invariants
[main dbb32ea] [admissibility][section] Add Topological Invariants
 1 file changed, 13 insertions(+)

------------------------------------------------------------
[542/697]
------------------------------------------------------------
Type       : section
Category   : formalism
Title      : Organizational Holes
Source     : lines 15835-15851
Destination: rsvp-evolution.tex
Commit     : [formalism][section] Add Organizational Holes
[main af710bc] [formalism][section] Add Organizational Holes
 1 file changed, 17 insertions(+)

------------------------------------------------------------
[543/697]
------------------------------------------------------------
Type       : section
Category   : admissibility
Title      : Organizational Curvature
Source     : lines 15852-15864
Destination: rsvp-evolution.tex
Commit     : [admissibility][section] Add Organizational Curvature
[main ea1d4c0] [admissibility][section] Add Organizational Curvature
 1 file changed, 13 insertions(+)

------------------------------------------------------------
[544/697]
------------------------------------------------------------
Type       : section
Category   : formalism
Title      : Topological Stability
Source     : lines 15865-15888
Destination: rsvp-evolution.tex
Commit     : [formalism][section] Add Topological Stability
[main ea0ab1c] [formalism][section] Add Topological Stability
 1 file changed, 24 insertions(+)

------------------------------------------------------------
[545/697]
------------------------------------------------------------
Type       : section
Category   : formalism
Title      : Discussion
Source     : lines 15889-15912
Destination: rsvp-evolution.tex
Commit     : [formalism][section] Add Discussion
[main 15c0683] [formalism][section] Add Discussion
 1 file changed, 24 insertions(+)

------------------------------------------------------------
[546/697]
------------------------------------------------------------
Type       : chapter
Category   : chapter
Title      : Variational Formalism
Source     : lines 15913-15914
Destination: rsvp-evolution.tex
Commit     : [chapter] Add Variational Formalism
[main 5a2f1fe] [chapter] Add Variational Formalism
 1 file changed, 2 insertions(+)

------------------------------------------------------------
[547/697]
------------------------------------------------------------
Type       : section
Category   : formalism
Title      : Purpose
Source     : lines 15915-15951
Destination: rsvp-evolution.tex
Commit     : [formalism][section] Add Purpose
[main 1f32aff] [formalism][section] Add Purpose
 1 file changed, 37 insertions(+)

------------------------------------------------------------
[548/697]
------------------------------------------------------------
Type       : section
Category   : formalism
Title      : The Action Principle
Source     : lines 15952-16004
Destination: rsvp-evolution.tex
Commit     : [formalism][section] Add The Action Principle
[main d8bcc28] [formalism][section] Add The Action Principle
 1 file changed, 53 insertions(+)

------------------------------------------------------------
[549/697]
------------------------------------------------------------
Type       : section
Category   : formalism
Title      : Field Content
Source     : lines 16005-16040
Destination: rsvp-evolution.tex
Commit     : [formalism][section] Add Field Content
[main 3771edd] [formalism][section] Add Field Content
 1 file changed, 36 insertions(+)

------------------------------------------------------------
[550/697]
------------------------------------------------------------
Type       : section
Category   : formalism
Title      : General Structure of the Lagrangian
Source     : lines 16041-16074
Destination: rsvp-evolution.tex
Commit     : [formalism][section] Add General Structure of the Lagrangian
[main 09a43ee] [formalism][section] Add General Structure of the Lagrangian
 1 file changed, 34 insertions(+)

------------------------------------------------------------
[551/697]
------------------------------------------------------------
Type       : section
Category   : formalism
Title      : Scalar Sector
Source     : lines 16075-16111
Destination: rsvp-evolution.tex
Commit     : [formalism][section] Add Scalar Sector
[main a8bd54e] [formalism][section] Add Scalar Sector
 1 file changed, 37 insertions(+)

------------------------------------------------------------
[552/697]
------------------------------------------------------------
Type       : section
Category   : formalism
Title      : Vector Sector
Source     : lines 16112-16145
Destination: rsvp-evolution.tex
Commit     : [formalism][section] Add Vector Sector
[main 5b7a5fd] [formalism][section] Add Vector Sector
 1 file changed, 34 insertions(+)

------------------------------------------------------------
[553/697]
------------------------------------------------------------
Type       : section
Category   : formalism
Title      : Entropy Sector
Source     : lines 16146-16172
Destination: rsvp-evolution.tex
Commit     : [formalism][section] Add Entropy Sector
[main c179883] [formalism][section] Add Entropy Sector
 1 file changed, 27 insertions(+)

------------------------------------------------------------
[554/697]
------------------------------------------------------------
Type       : section
Category   : formalism
Title      : Interaction Terms
Source     : lines 16173-16204
Destination: rsvp-evolution.tex
Commit     : [formalism][section] Add Interaction Terms
[main 2a2cb10] [formalism][section] Add Interaction Terms
 1 file changed, 32 insertions(+)

------------------------------------------------------------
[555/697]
------------------------------------------------------------
Type       : section
Category   : formalism
Title      : Repair Density
Source     : lines 16205-16243
Destination: rsvp-evolution.tex
Commit     : [formalism][section] Add Repair Density
[main d39dfa9] [formalism][section] Add Repair Density
 1 file changed, 39 insertions(+)

------------------------------------------------------------
[556/697]
------------------------------------------------------------
Type       : section
Category   : formalism
Title      : Organizational Violation
Source     : lines 16244-16289
Destination: rsvp-evolution.tex
Commit     : [formalism][section] Add Organizational Violation
[main e8c1ea6] [formalism][section] Add Organizational Violation
 1 file changed, 46 insertions(+)

------------------------------------------------------------
[557/697]
------------------------------------------------------------
Type       : section
Category   : formalism
Title      : Euler--Lagrange Equations
Source     : lines 16290-16338
Destination: rsvp-evolution.tex
Commit     : [formalism][section] Add Euler--Lagrange Equations
[main a1f778c] [formalism][section] Add Euler--Lagrange Equations
 1 file changed, 49 insertions(+)

------------------------------------------------------------
[558/697]
------------------------------------------------------------
Type       : section
Category   : formalism
Title      : Stress--Energy Tensor
Source     : lines 16339-16386
Destination: rsvp-evolution.tex
Commit     : [formalism][section] Add Stress--Energy Tensor
[main 37f42e9] [formalism][section] Add Stress--Energy Tensor
 1 file changed, 48 insertions(+)

------------------------------------------------------------
[559/697]
------------------------------------------------------------
Type       : section
Category   : formalism
Title      : Conservation Laws
Source     : lines 16387-16413
Destination: rsvp-evolution.tex
Commit     : [formalism][section] Add Conservation Laws
[main 6c51b42] [formalism][section] Add Conservation Laws
 1 file changed, 27 insertions(+)

------------------------------------------------------------
[560/697]
------------------------------------------------------------
Type       : section
Category   : physics
Title      : Boundary Terms
Source     : lines 16414-16426
Destination: rsvp-evolution.tex
Commit     : [physics][section] Add Boundary Terms
[main 58d0363] [physics][section] Add Boundary Terms
 1 file changed, 13 insertions(+)

------------------------------------------------------------
[561/697]
------------------------------------------------------------
Type       : section
Category   : physics
Title      : Symmetries
Source     : lines 16427-16439
Destination: rsvp-evolution.tex
Commit     : [physics][section] Add Symmetries
[main aa45a64] [physics][section] Add Symmetries
 1 file changed, 13 insertions(+)

------------------------------------------------------------
[562/697]
------------------------------------------------------------
Type       : section
Category   : formalism
Title      : The Admissible Limit
Source     : lines 16440-16468
Destination: rsvp-evolution.tex
Commit     : [formalism][section] Add The Admissible Limit
[main 82a7316] [formalism][section] Add The Admissible Limit
 1 file changed, 29 insertions(+)

------------------------------------------------------------
[563/697]
------------------------------------------------------------
Type       : section
Category   : admissibility
Title      : Discussion
Source     : lines 16469-16498
Destination: rsvp-evolution.tex
Commit     : [admissibility][section] Add Discussion
[main 7f3b9cb] [admissibility][section] Add Discussion
 1 file changed, 30 insertions(+)

------------------------------------------------------------
[564/697]
------------------------------------------------------------
Type       : chapter
Category   : chapter
Title      : Stability and Lyapunov Theory
Source     : lines 16499-16500
Destination: rsvp-evolution.tex
Commit     : [chapter] Add Stability and Lyapunov Theory
[main 2f6fe6e] [chapter] Add Stability and Lyapunov Theory
 1 file changed, 2 insertions(+)

------------------------------------------------------------
[565/697]
------------------------------------------------------------
Type       : section
Category   : formalism
Title      : Purpose
Source     : lines 16501-16529
Destination: rsvp-evolution.tex
Commit     : [formalism][section] Add Purpose
[main 0a7f29d] [formalism][section] Add Purpose
 1 file changed, 29 insertions(+)

------------------------------------------------------------
[566/697]
------------------------------------------------------------
Type       : section
Category   : formalism
Title      : Organizational Dynamics
Source     : lines 16530-16563
Destination: rsvp-evolution.tex
Commit     : [formalism][section] Add Organizational Dynamics
[main 4dcce63] [formalism][section] Add Organizational Dynamics
 1 file changed, 34 insertions(+)

------------------------------------------------------------
[567/697]
------------------------------------------------------------
Type       : section
Category   : definition
Title      : Equilibrium States
Source     : lines 16564-16598
Destination: rsvp-evolution.tex
Commit     : [definition][section] Add Equilibrium States
[main 78b774f] [definition][section] Add Equilibrium States
 1 file changed, 35 insertions(+)

------------------------------------------------------------
[568/697]
------------------------------------------------------------
Type       : section
Category   : definition
Title      : Lyapunov Functions
Source     : lines 16599-16659
Destination: rsvp-evolution.tex
Commit     : [definition][section] Add Lyapunov Functions
[main e29b778] [definition][section] Add Lyapunov Functions
 1 file changed, 61 insertions(+)

------------------------------------------------------------
[569/697]
------------------------------------------------------------
Type       : section
Category   : formalism
Title      : Repair Lyapunov Functions
Source     : lines 16660-16704
Destination: rsvp-evolution.tex
Commit     : [formalism][section] Add Repair Lyapunov Functions
[main 348adb8] [formalism][section] Add Repair Lyapunov Functions
 1 file changed, 45 insertions(+)

------------------------------------------------------------
[570/697]
------------------------------------------------------------
Type       : section
Category   : definition
Title      : Local Stability
Source     : lines 16705-16719
Destination: rsvp-evolution.tex
Commit     : [definition][section] Add Local Stability
[main 938a3da] [definition][section] Add Local Stability
 1 file changed, 15 insertions(+)

------------------------------------------------------------
[571/697]
------------------------------------------------------------
Type       : section
Category   : formalism
Title      : Asymptotic Stability
Source     : lines 16720-16738
Destination: rsvp-evolution.tex
Commit     : [formalism][section] Add Asymptotic Stability
[main 4d9fd59] [formalism][section] Add Asymptotic Stability
 1 file changed, 19 insertions(+)

------------------------------------------------------------
[572/697]
------------------------------------------------------------
Type       : section
Category   : formalism
Title      : Organizational Attractors
Source     : lines 16739-16762
Destination: rsvp-evolution.tex
Commit     : [formalism][section] Add Organizational Attractors
[main 567aa73] [formalism][section] Add Organizational Attractors
 1 file changed, 24 insertions(+)

------------------------------------------------------------
[573/697]
------------------------------------------------------------
Type       : section
Category   : formalism
Title      : Limit Cycles
Source     : lines 16763-16798
Destination: rsvp-evolution.tex
Commit     : [formalism][section] Add Limit Cycles
[main 5ef27d2] [formalism][section] Add Limit Cycles
 1 file changed, 36 insertions(+)

------------------------------------------------------------
[574/697]
------------------------------------------------------------
Type       : section
Category   : formalism
Title      : Bifurcations
Source     : lines 16799-16829
Destination: rsvp-evolution.tex
Commit     : [formalism][section] Add Bifurcations
[main a12c1c5] [formalism][section] Add Bifurcations
 1 file changed, 31 insertions(+)

------------------------------------------------------------
[575/697]
------------------------------------------------------------
Type       : section
Category   : admissibility
Title      : Catastrophe
Source     : lines 16830-16842
Destination: rsvp-evolution.tex
Commit     : [admissibility][section] Add Catastrophe
[main 38ba6cb] [admissibility][section] Add Catastrophe
 1 file changed, 13 insertions(+)

------------------------------------------------------------
[576/697]
------------------------------------------------------------
Type       : section
Category   : admissibility
Title      : Global Stability
Source     : lines 16843-16857
Destination: rsvp-evolution.tex
Commit     : [admissibility][section] Add Global Stability
[main f6a09f5] [admissibility][section] Add Global Stability
 1 file changed, 15 insertions(+)

------------------------------------------------------------
[577/697]
------------------------------------------------------------
Type       : section
Category   : formalism
Title      : Repair Basins
Source     : lines 16858-16884
Destination: rsvp-evolution.tex
Commit     : [formalism][section] Add Repair Basins
[main 048375c] [formalism][section] Add Repair Basins
 1 file changed, 27 insertions(+)

------------------------------------------------------------
[578/697]
------------------------------------------------------------
Type       : section
Category   : formalism
Title      : Termination
Source     : lines 16885-16909
Destination: rsvp-evolution.tex
Commit     : [formalism][section] Add Termination
[main 9d05c4f] [formalism][section] Add Termination
 1 file changed, 25 insertions(+)

------------------------------------------------------------
[579/697]
------------------------------------------------------------
Type       : section
Category   : admissibility
Title      : Stability Hierarchy
Source     : lines 16910-16921
Destination: rsvp-evolution.tex
Commit     : [admissibility][section] Add Stability Hierarchy
[main ae7bec4] [admissibility][section] Add Stability Hierarchy
 1 file changed, 12 insertions(+)

------------------------------------------------------------
[580/697]
------------------------------------------------------------
Type       : section
Category   : admissibility
Title      : Toward the Fundamental Continuation Theorem
Source     : lines 16922-16939
Destination: rsvp-evolution.tex
Commit     : [admissibility][section] Add Toward the Fundamental Continuation Theorem
[main c007679] [admissibility][section] Add Toward the Fundamental Continuation Theorem
 1 file changed, 18 insertions(+)

------------------------------------------------------------
[581/697]
------------------------------------------------------------
Type       : section
Category   : admissibility
Title      : Discussion
Source     : lines 16940-16960
Destination: rsvp-evolution.tex
Commit     : [admissibility][section] Add Discussion
[main 52f71dd] [admissibility][section] Add Discussion
 1 file changed, 21 insertions(+)

------------------------------------------------------------
[582/697]
------------------------------------------------------------
Type       : chapter
Category   : chapter
Title      : Category Theory
Source     : lines 16961-16962
Destination: rsvp-evolution.tex
Commit     : [chapter] Add Category Theory
[main 5f82c73] [chapter] Add Category Theory
 1 file changed, 2 insertions(+)

------------------------------------------------------------
[583/697]
------------------------------------------------------------
Type       : section
Category   : formalism
Title      : Purpose
Source     : lines 16963-16990
Destination: rsvp-evolution.tex
Commit     : [formalism][section] Add Purpose
[main 330572b] [formalism][section] Add Purpose
 1 file changed, 28 insertions(+)

------------------------------------------------------------
[584/697]
------------------------------------------------------------
Type       : section
Category   : formalism
Title      : Objects
Source     : lines 16991-17013
Destination: rsvp-evolution.tex
Commit     : [formalism][section] Add Objects
[main 3a2e479] [formalism][section] Add Objects
 1 file changed, 23 insertions(+)

------------------------------------------------------------
[585/697]
------------------------------------------------------------
Type       : section
Category   : formalism
Title      : Morphisms
Source     : lines 17014-17051
Destination: rsvp-evolution.tex
Commit     : [formalism][section] Add Morphisms
[main 77d2cf7] [formalism][section] Add Morphisms
 1 file changed, 38 insertions(+)

------------------------------------------------------------
[586/697]
------------------------------------------------------------
Type       : section
Category   : theorem
Title      : Identity Morphisms
Source     : lines 17052-17089
Destination: rsvp-evolution.tex
Commit     : [theorem][section] Add Identity Morphisms
[main c737dd3] [theorem][section] Add Identity Morphisms
 1 file changed, 38 insertions(+)

------------------------------------------------------------
[587/697]
------------------------------------------------------------
Type       : section
Category   : formalism
Title      : Composition
Source     : lines 17090-17138
Destination: rsvp-evolution.tex
Commit     : [formalism][section] Add Composition
[main b6799fb] [formalism][section] Add Composition
 1 file changed, 49 insertions(+)

------------------------------------------------------------
[588/697]
------------------------------------------------------------
Type       : section
Category   : formalism
Title      : Isomorphisms
Source     : lines 17139-17187
Destination: rsvp-evolution.tex
Commit     : [formalism][section] Add Isomorphisms
[main 6758d1b] [formalism][section] Add Isomorphisms
 1 file changed, 49 insertions(+)

------------------------------------------------------------
[589/697]
------------------------------------------------------------
Type       : section
Category   : formalism
Title      : Products
Source     : lines 17188-17234
Destination: rsvp-evolution.tex
Commit     : [formalism][section] Add Products
[main 2a8f8e7] [formalism][section] Add Products
 1 file changed, 47 insertions(+)

------------------------------------------------------------
[590/697]
------------------------------------------------------------
Type       : section
Category   : formalism
Title      : Coproducts
Source     : lines 17235-17253
Destination: rsvp-evolution.tex
Commit     : [formalism][section] Add Coproducts
[main 309c58d] [formalism][section] Add Coproducts
 1 file changed, 19 insertions(+)

------------------------------------------------------------
[591/697]
------------------------------------------------------------
Type       : section
Category   : formalism
Title      : Terminal Objects
Source     : lines 17254-17285
Destination: rsvp-evolution.tex
Commit     : [formalism][section] Add Terminal Objects
[main 09833e6] [formalism][section] Add Terminal Objects
 1 file changed, 32 insertions(+)

------------------------------------------------------------
[592/697]
------------------------------------------------------------
Type       : section
Category   : formalism
Title      : Initial Objects
Source     : lines 17286-17312
Destination: rsvp-evolution.tex
Commit     : [formalism][section] Add Initial Objects
[main 6329cb3] [formalism][section] Add Initial Objects
 1 file changed, 27 insertions(+)

------------------------------------------------------------
[593/697]
------------------------------------------------------------
Type       : section
Category   : formalism
Title      : Equalizers
Source     : lines 17313-17338
Destination: rsvp-evolution.tex
Commit     : [formalism][section] Add Equalizers
[main 03fff38] [formalism][section] Add Equalizers
 1 file changed, 26 insertions(+)

------------------------------------------------------------
[594/697]
------------------------------------------------------------
Type       : section
Category   : formalism
Title      : Pullbacks
Source     : lines 17339-17359
Destination: rsvp-evolution.tex
Commit     : [formalism][section] Add Pullbacks
[main ebce69c] [formalism][section] Add Pullbacks
 1 file changed, 21 insertions(+)

------------------------------------------------------------
[595/697]
------------------------------------------------------------
Type       : section
Category   : admissibility
Title      : Pushouts
Source     : lines 17360-17368
Destination: rsvp-evolution.tex
Commit     : [admissibility][section] Add Pushouts
[main 2547bd3] [admissibility][section] Add Pushouts
 1 file changed, 9 insertions(+)

------------------------------------------------------------
[596/697]
------------------------------------------------------------
Type       : section
Category   : formalism
Title      : Functors
Source     : lines 17369-17390
Destination: rsvp-evolution.tex
Commit     : [formalism][section] Add Functors
[main b1f1799] [formalism][section] Add Functors
 1 file changed, 22 insertions(+)

------------------------------------------------------------
[597/697]
------------------------------------------------------------
Type       : section
Category   : formalism
Title      : Natural Transformations
Source     : lines 17391-17428
Destination: rsvp-evolution.tex
Commit     : [formalism][section] Add Natural Transformations
[main 3d4881b] [formalism][section] Add Natural Transformations
 1 file changed, 38 insertions(+)

------------------------------------------------------------
[598/697]
------------------------------------------------------------
Type       : section
Category   : semantics
Title      : Limits and Colimits
Source     : lines 17429-17440
Destination: rsvp-evolution.tex
Commit     : [semantics][section] Add Limits and Colimits
[main 36199fc] [semantics][section] Add Limits and Colimits
 1 file changed, 12 insertions(+)

------------------------------------------------------------
[599/697]
------------------------------------------------------------
Type       : section
Category   : formalism
Title      : Toward an Internal Theory
Source     : lines 17441-17460
Destination: rsvp-evolution.tex
Commit     : [formalism][section] Add Toward an Internal Theory
[main 726399b] [formalism][section] Add Toward an Internal Theory
 1 file changed, 20 insertions(+)

------------------------------------------------------------
[600/697]
------------------------------------------------------------
Type       : section
Category   : admissibility
Title      : Discussion
Source     : lines 17461-17488
Destination: rsvp-evolution.tex
Commit     : [admissibility][section] Add Discussion
[main e1cf695] [admissibility][section] Add Discussion
 1 file changed, 28 insertions(+)

------------------------------------------------------------
[601/697]
------------------------------------------------------------
Type       : chapter
Category   : chapter
Title      : Sheaf Theory
Source     : lines 17489-17490
Destination: rsvp-evolution.tex
Commit     : [chapter] Add Sheaf Theory
[main d553a6e] [chapter] Add Sheaf Theory
 1 file changed, 2 insertions(+)

------------------------------------------------------------
[602/697]
------------------------------------------------------------
Type       : section
Category   : formalism
Title      : Purpose
Source     : lines 17491-17517
Destination: rsvp-evolution.tex
Commit     : [formalism][section] Add Purpose
[main 72c3376] [formalism][section] Add Purpose
 1 file changed, 27 insertions(+)

------------------------------------------------------------
[603/697]
------------------------------------------------------------
Type       : section
Category   : formalism
Title      : Local Organization
Source     : lines 17518-17545
Destination: rsvp-evolution.tex
Commit     : [formalism][section] Add Local Organization
[main e419370] [formalism][section] Add Local Organization
 1 file changed, 28 insertions(+)

------------------------------------------------------------
[604/697]
------------------------------------------------------------
Type       : section
Category   : formalism
Title      : Presheaves
Source     : lines 17546-17590
Destination: rsvp-evolution.tex
Commit     : [formalism][section] Add Presheaves
[main 0bd4b2c] [formalism][section] Add Presheaves
 1 file changed, 45 insertions(+)

------------------------------------------------------------
[605/697]
------------------------------------------------------------
Type       : section
Category   : formalism
Title      : Sections
Source     : lines 17591-17613
Destination: rsvp-evolution.tex
Commit     : [formalism][section] Add Sections
[main 4569949] [formalism][section] Add Sections
 1 file changed, 23 insertions(+)

------------------------------------------------------------
[606/697]
------------------------------------------------------------
Type       : section
Category   : formalism
Title      : Restriction
Source     : lines 17614-17643
Destination: rsvp-evolution.tex
Commit     : [formalism][section] Add Restriction
[main f583f41] [formalism][section] Add Restriction
 1 file changed, 30 insertions(+)

------------------------------------------------------------
[607/697]
------------------------------------------------------------
Type       : section
Category   : exposition
Title      : The Sheaf Axioms
Source     : lines 17644-17656
Destination: rsvp-evolution.tex
Commit     : [exposition][section] Add The Sheaf Axioms
[main 0f5676d] [exposition][section] Add The Sheaf Axioms
 1 file changed, 13 insertions(+)

------------------------------------------------------------
[608/697]
------------------------------------------------------------
Type       : section
Category   : formalism
Title      : Organizational Gluing
Source     : lines 17657-17712
Destination: rsvp-evolution.tex
Commit     : [formalism][section] Add Organizational Gluing
[main f2567a2] [formalism][section] Add Organizational Gluing
 1 file changed, 56 insertions(+)

------------------------------------------------------------
[609/697]
------------------------------------------------------------
Type       : section
Category   : admissibility
Title      : Failure of Gluing
Source     : lines 17713-17724
Destination: rsvp-evolution.tex
Commit     : [admissibility][section] Add Failure of Gluing
[main c0ffdb4] [admissibility][section] Add Failure of Gluing
 1 file changed, 12 insertions(+)

------------------------------------------------------------
[610/697]
------------------------------------------------------------
Type       : section
Category   : formalism
Title      : Stalks
Source     : lines 17725-17752
Destination: rsvp-evolution.tex
Commit     : [formalism][section] Add Stalks
[main 52a1c51] [formalism][section] Add Stalks
 1 file changed, 28 insertions(+)

------------------------------------------------------------
[611/697]
------------------------------------------------------------
Type       : section
Category   : formalism
Title      : Morphisms of Sheaves
Source     : lines 17753-17785
Destination: rsvp-evolution.tex
Commit     : [formalism][section] Add Morphisms of Sheaves
[main 16a1bb1] [formalism][section] Add Morphisms of Sheaves
 1 file changed, 33 insertions(+)

------------------------------------------------------------
[612/697]
------------------------------------------------------------
Type       : section
Category   : admissibility
Title      : Sheaf Cohomology
Source     : lines 17786-17802
Destination: rsvp-evolution.tex
Commit     : [admissibility][section] Add Sheaf Cohomology
[main 8972c5d] [admissibility][section] Add Sheaf Cohomology
 1 file changed, 17 insertions(+)

------------------------------------------------------------
[613/697]
------------------------------------------------------------
Type       : section
Category   : admissibility
Title      : Repair as Local Reconstruction
Source     : lines 17803-17822
Destination: rsvp-evolution.tex
Commit     : [admissibility][section] Add Repair as Local Reconstruction
[main 0503065] [admissibility][section] Add Repair as Local Reconstruction
 1 file changed, 20 insertions(+)

------------------------------------------------------------
[614/697]
------------------------------------------------------------
Type       : section
Category   : biology
Title      : Distributed Systems
Source     : lines 17823-17836
Destination: rsvp-evolution.tex
Commit     : [biology][section] Add Distributed Systems
[main 16c17d7] [biology][section] Add Distributed Systems
 1 file changed, 14 insertions(+)

------------------------------------------------------------
[615/697]
------------------------------------------------------------
Type       : section
Category   : exposition
Title      : Diagnostic Coordinates
Source     : lines 17837-17850
Destination: rsvp-evolution.tex
Commit     : [exposition][section] Add Diagnostic Coordinates
[main df9a3c1] [exposition][section] Add Diagnostic Coordinates
 1 file changed, 14 insertions(+)

------------------------------------------------------------
[616/697]
------------------------------------------------------------
Type       : section
Category   : physics
Title      : Field Theory
Source     : lines 17851-17866
Destination: rsvp-evolution.tex
Commit     : [physics][section] Add Field Theory
[main a19d88e] [physics][section] Add Field Theory
 1 file changed, 16 insertions(+)

------------------------------------------------------------
[617/697]
------------------------------------------------------------
Type       : section
Category   : formalism
Title      : Toward a Sheaf of Admissibility
Source     : lines 17867-17882
Destination: rsvp-evolution.tex
Commit     : [formalism][section] Add Toward a Sheaf of Admissibility
[main b914699] [formalism][section] Add Toward a Sheaf of Admissibility
 1 file changed, 16 insertions(+)

------------------------------------------------------------
[618/697]
------------------------------------------------------------
Type       : section
Category   : admissibility
Title      : Discussion
Source     : lines 17883-17910
Destination: rsvp-evolution.tex
Commit     : [admissibility][section] Add Discussion
[main 9714dac] [admissibility][section] Add Discussion
 1 file changed, 28 insertions(+)

------------------------------------------------------------
[619/697]
------------------------------------------------------------
Type       : chapter
Category   : chapter
Title      : Information Geometry
Source     : lines 17911-17912
Destination: rsvp-evolution.tex
Commit     : [chapter] Add Information Geometry
[main effe2dd] [chapter] Add Information Geometry
 1 file changed, 2 insertions(+)

------------------------------------------------------------
[620/697]
------------------------------------------------------------
Type       : section
Category   : formalism
Title      : Purpose
Source     : lines 17913-17942
Destination: rsvp-evolution.tex
Commit     : [formalism][section] Add Purpose
[main acf7b2f] [formalism][section] Add Purpose
 1 file changed, 30 insertions(+)

------------------------------------------------------------
[621/697]
------------------------------------------------------------
Type       : section
Category   : formalism
Title      : The Organizational Manifold
Source     : lines 17943-17964
Destination: rsvp-evolution.tex
Commit     : [formalism][section] Add The Organizational Manifold
[main cb2f97e] [formalism][section] Add The Organizational Manifold
 1 file changed, 22 insertions(+)

------------------------------------------------------------
[622/697]
------------------------------------------------------------
Type       : section
Category   : formalism
Title      : Organizational Metrics
Source     : lines 17965-17990
Destination: rsvp-evolution.tex
Commit     : [formalism][section] Add Organizational Metrics
[main 7125529] [formalism][section] Add Organizational Metrics
 1 file changed, 26 insertions(+)

------------------------------------------------------------
[623/697]
------------------------------------------------------------
Type       : section
Category   : formalism
Title      : The Fisher Metric
Source     : lines 17991-18022
Destination: rsvp-evolution.tex
Commit     : [formalism][section] Add The Fisher Metric
[main 41fcf85] [formalism][section] Add The Fisher Metric
 1 file changed, 32 insertions(+)

------------------------------------------------------------
[624/697]
------------------------------------------------------------
Type       : section
Category   : formalism
Title      : Geodesics
Source     : lines 18023-18047
Destination: rsvp-evolution.tex
Commit     : [formalism][section] Add Geodesics
[main 2cc0a4b] [formalism][section] Add Geodesics
 1 file changed, 25 insertions(+)

------------------------------------------------------------
[625/697]
------------------------------------------------------------
Type       : section
Category   : formalism
Title      : Connection
Source     : lines 18048-18063
Destination: rsvp-evolution.tex
Commit     : [formalism][section] Add Connection
[main 2ab8c02] [formalism][section] Add Connection
 1 file changed, 16 insertions(+)

------------------------------------------------------------
[626/697]
------------------------------------------------------------
Type       : section
Category   : formalism
Title      : Organizational Curvature
Source     : lines 18064-18087
Destination: rsvp-evolution.tex
Commit     : [formalism][section] Add Organizational Curvature
[main 036e602] [formalism][section] Add Organizational Curvature
 1 file changed, 24 insertions(+)

------------------------------------------------------------
[627/697]
------------------------------------------------------------
Type       : section
Category   : formalism
Title      : Information Flow
Source     : lines 18088-18119
Destination: rsvp-evolution.tex
Commit     : [formalism][section] Add Information Flow
[main 9d69759] [formalism][section] Add Information Flow
 1 file changed, 32 insertions(+)

------------------------------------------------------------
[628/697]
------------------------------------------------------------
Type       : section
Category   : formalism
Title      : Repair Gradients
Source     : lines 18120-18146
Destination: rsvp-evolution.tex
Commit     : [formalism][section] Add Repair Gradients
[main fcd654b] [formalism][section] Add Repair Gradients
 1 file changed, 27 insertions(+)

------------------------------------------------------------
[629/697]
------------------------------------------------------------
Type       : section
Category   : physics
Title      : Entropy Geometry
Source     : lines 18147-18158
Destination: rsvp-evolution.tex
Commit     : [physics][section] Add Entropy Geometry
[main 3065b65] [physics][section] Add Entropy Geometry
 1 file changed, 12 insertions(+)

------------------------------------------------------------
[630/697]
------------------------------------------------------------
Type       : section
Category   : formalism
Title      : Reachability Volume
Source     : lines 18159-18184
Destination: rsvp-evolution.tex
Commit     : [formalism][section] Add Reachability Volume
[main fcf536b] [formalism][section] Add Reachability Volume
 1 file changed, 26 insertions(+)

------------------------------------------------------------
[631/697]
------------------------------------------------------------
Type       : section
Category   : admissibility
Title      : Curvature and Repair
Source     : lines 18185-18199
Destination: rsvp-evolution.tex
Commit     : [admissibility][section] Add Curvature and Repair
[main 12413fc] [admissibility][section] Add Curvature and Repair
 1 file changed, 15 insertions(+)

------------------------------------------------------------
[632/697]
------------------------------------------------------------
Type       : section
Category   : admissibility
Title      : Information Singularities
Source     : lines 18200-18211
Destination: rsvp-evolution.tex
Commit     : [admissibility][section] Add Information Singularities
[main 7530a2e] [admissibility][section] Add Information Singularities
 1 file changed, 12 insertions(+)

------------------------------------------------------------
[633/697]
------------------------------------------------------------
Type       : section
Category   : physics
Title      : Comparison with Classical Information Geometry
Source     : lines 18212-18226
Destination: rsvp-evolution.tex
Commit     : [physics][section] Add Comparison with Classical Information Geometry
[main e26263c] [physics][section] Add Comparison with Classical Information Geometry
 1 file changed, 15 insertions(+)

------------------------------------------------------------
[634/697]
------------------------------------------------------------
Type       : section
Category   : admissibility
Title      : Toward Organizational Geometry
Source     : lines 18227-18239
Destination: rsvp-evolution.tex
Commit     : [admissibility][section] Add Toward Organizational Geometry
[main c5d342a] [admissibility][section] Add Toward Organizational Geometry
 1 file changed, 13 insertions(+)

------------------------------------------------------------
[635/697]
------------------------------------------------------------
Type       : section
Category   : admissibility
Title      : Discussion
Source     : lines 18240-18260
Destination: rsvp-evolution.tex
Commit     : [admissibility][section] Add Discussion
[main 650bd3c] [admissibility][section] Add Discussion
 1 file changed, 21 insertions(+)

------------------------------------------------------------
[636/697]
------------------------------------------------------------
Type       : chapter
Category   : chapter
Title      : Computational Semantics
Source     : lines 18261-18262
Destination: rsvp-evolution.tex
Commit     : [chapter] Add Computational Semantics
[main 51ad872] [chapter] Add Computational Semantics
 1 file changed, 2 insertions(+)

------------------------------------------------------------
[637/697]
------------------------------------------------------------
Type       : section
Category   : admissibility
Title      : Purpose
Source     : lines 18263-18282
Destination: rsvp-evolution.tex
Commit     : [admissibility][section] Add Purpose
[main 87c9909] [admissibility][section] Add Purpose
 1 file changed, 20 insertions(+)

------------------------------------------------------------
[638/697]
------------------------------------------------------------
Type       : section
Category   : formalism
Title      : Computational States
Source     : lines 18283-18303
Destination: rsvp-evolution.tex
Commit     : [formalism][section] Add Computational States
[main 40a5f14] [formalism][section] Add Computational States
 1 file changed, 21 insertions(+)

------------------------------------------------------------
[639/697]
------------------------------------------------------------
Type       : section
Category   : formalism
Title      : Computational Admissibility
Source     : lines 18304-18329
Destination: rsvp-evolution.tex
Commit     : [formalism][section] Add Computational Admissibility
[main 96dcbf3] [formalism][section] Add Computational Admissibility
 1 file changed, 26 insertions(+)

------------------------------------------------------------
[640/697]
------------------------------------------------------------
Type       : section
Category   : semantics
Title      : Organizational Events
Source     : lines 18330-18343
Destination: rsvp-evolution.tex
Commit     : [semantics][section] Add Organizational Events
[main b671488] [semantics][section] Add Organizational Events
 1 file changed, 14 insertions(+)

------------------------------------------------------------
[641/697]
------------------------------------------------------------
Type       : section
Category   : formalism
Title      : Spherepop
Source     : lines 18344-18378
Destination: rsvp-evolution.tex
Commit     : [formalism][section] Add Spherepop
[main 90d3e99] [formalism][section] Add Spherepop
 1 file changed, 35 insertions(+)

------------------------------------------------------------
[642/697]
------------------------------------------------------------
Type       : section
Category   : formalism
Title      : Formation
Source     : lines 18379-18404
Destination: rsvp-evolution.tex
Commit     : [formalism][section] Add Formation
[main ea4dce8] [formalism][section] Add Formation
 1 file changed, 26 insertions(+)

------------------------------------------------------------
[643/697]
------------------------------------------------------------
Type       : section
Category   : formalism
Title      : Binding
Source     : lines 18405-18437
Destination: rsvp-evolution.tex
Commit     : [formalism][section] Add Binding
[main aa52362] [formalism][section] Add Binding
 1 file changed, 33 insertions(+)

------------------------------------------------------------
[644/697]
------------------------------------------------------------
Type       : section
Category   : admissibility
Title      : Collapse
Source     : lines 18438-18449
Destination: rsvp-evolution.tex
Commit     : [admissibility][section] Add Collapse
[main 867613e] [admissibility][section] Add Collapse
 1 file changed, 12 insertions(+)

------------------------------------------------------------
[645/697]
------------------------------------------------------------
Type       : section
Category   : formalism
Title      : Refusal
Source     : lines 18450-18472
Destination: rsvp-evolution.tex
Commit     : [formalism][section] Add Refusal
[main be2cd4c] [formalism][section] Add Refusal
 1 file changed, 23 insertions(+)

------------------------------------------------------------
[646/697]
------------------------------------------------------------
Type       : section
Category   : formalism
Title      : Repair
Source     : lines 18473-18498
Destination: rsvp-evolution.tex
Commit     : [formalism][section] Add Repair
[main 6078897] [formalism][section] Add Repair
 1 file changed, 26 insertions(+)

------------------------------------------------------------
[647/697]
------------------------------------------------------------
Type       : section
Category   : admissibility
Title      : Flow Computing
Source     : lines 18499-18519
Destination: rsvp-evolution.tex
Commit     : [admissibility][section] Add Flow Computing
[main b366cc7] [admissibility][section] Add Flow Computing
 1 file changed, 21 insertions(+)

------------------------------------------------------------
[648/697]
------------------------------------------------------------
Type       : section
Category   : admissibility
Title      : Ownership
Source     : lines 18520-18532
Destination: rsvp-evolution.tex
Commit     : [admissibility][section] Add Ownership
[main 38d2223] [admissibility][section] Add Ownership
 1 file changed, 13 insertions(+)

------------------------------------------------------------
[649/697]
------------------------------------------------------------
Type       : section
Category   : formalism
Title      : Types
Source     : lines 18533-18562
Destination: rsvp-evolution.tex
Commit     : [formalism][section] Add Types
[main abe65cb] [formalism][section] Add Types
 1 file changed, 30 insertions(+)

------------------------------------------------------------
[650/697]
------------------------------------------------------------
Type       : section
Category   : admissibility
Title      : Continuation Semantics
Source     : lines 18563-18578
Destination: rsvp-evolution.tex
Commit     : [admissibility][section] Add Continuation Semantics
[main fc4a35f] [admissibility][section] Add Continuation Semantics
 1 file changed, 16 insertions(+)

------------------------------------------------------------
[651/697]
------------------------------------------------------------
Type       : section
Category   : admissibility
Title      : Distributed Computation
Source     : lines 18579-18592
Destination: rsvp-evolution.tex
Commit     : [admissibility][section] Add Distributed Computation
[main cbc1c66] [admissibility][section] Add Distributed Computation
 1 file changed, 14 insertions(+)

------------------------------------------------------------
[652/697]
------------------------------------------------------------
Type       : section
Category   : admissibility
Title      : Artificial Intelligence
Source     : lines 18593-18609
Destination: rsvp-evolution.tex
Commit     : [admissibility][section] Add Artificial Intelligence
[main 89e2fa3] [admissibility][section] Add Artificial Intelligence
 1 file changed, 17 insertions(+)

------------------------------------------------------------
[653/697]
------------------------------------------------------------
Type       : section
Category   : formalism
Title      : Verification
Source     : lines 18610-18629
Destination: rsvp-evolution.tex
Commit     : [formalism][section] Add Verification
[main f4fb9cb] [formalism][section] Add Verification
 1 file changed, 20 insertions(+)

------------------------------------------------------------
[654/697]
------------------------------------------------------------
Type       : section
Category   : admissibility
Title      : Toward a Unified Computational Theory
Source     : lines 18630-18650
Destination: rsvp-evolution.tex
Commit     : [admissibility][section] Add Toward a Unified Computational Theory
[main f711448] [admissibility][section] Add Toward a Unified Computational Theory
 1 file changed, 21 insertions(+)

------------------------------------------------------------
[655/697]
------------------------------------------------------------
Type       : section
Category   : admissibility
Title      : Discussion
Source     : lines 18651-18680
Destination: rsvp-evolution.tex
Commit     : [admissibility][section] Add Discussion
[main ef48c65] [admissibility][section] Add Discussion
 1 file changed, 30 insertions(+)

------------------------------------------------------------
[656/697]
------------------------------------------------------------
Type       : chapter
Category   : chapter
Title      : The Development of the Research Program
Source     : lines 18681-18683
Destination: rsvp-evolution.tex
Commit     : [chapter] Add The Development of the Research Program
[main 07c1802] [chapter] Add The Development of the Research Program
 1 file changed, 3 insertions(+)

------------------------------------------------------------
[657/697]
------------------------------------------------------------
Type       : section
Category   : formalism
Title      : Purpose of This Appendix
Source     : lines 18684-18730
Destination: rsvp-evolution.tex
Commit     : [formalism][section] Add Purpose of This Appendix
[main 2b1ff7b] [formalism][section] Add Purpose of This Appendix
 1 file changed, 47 insertions(+)

------------------------------------------------------------
[658/697]
------------------------------------------------------------
Type       : section
Category   : formalism
Title      : Distinction Before Object
Source     : lines 18731-18762
Destination: rsvp-evolution.tex
Commit     : [formalism][section] Add Distinction Before Object
[main e13e087] [formalism][section] Add Distinction Before Object
 1 file changed, 32 insertions(+)

------------------------------------------------------------
[659/697]
------------------------------------------------------------
Type       : section
Category   : physics
Title      : Information, Entropy, and Historical Compression
Source     : lines 18763-18792
Destination: rsvp-evolution.tex
Commit     : [physics][section] Add Information, Entropy, and Historical Compression
[main 9103047] [physics][section] Add Information, Entropy, and Historical Compression
 1 file changed, 30 insertions(+)

------------------------------------------------------------
[660/697]
------------------------------------------------------------
Type       : section
Category   : semantics
Title      : Recoverability and Memory
Source     : lines 18793-18820
Destination: rsvp-evolution.tex
Commit     : [semantics][section] Add Recoverability and Memory
[main 4258f45] [semantics][section] Add Recoverability and Memory
 1 file changed, 28 insertions(+)

------------------------------------------------------------
[661/697]
------------------------------------------------------------
Type       : section
Category   : formalism
Title      : Repair as a Primitive Operation
Source     : lines 18821-18853
Destination: rsvp-evolution.tex
Commit     : [formalism][section] Add Repair as a Primitive Operation
[main dc6efdf] [formalism][section] Add Repair as a Primitive Operation
 1 file changed, 33 insertions(+)

------------------------------------------------------------
[662/697]
------------------------------------------------------------
Type       : section
Category   : admissibility
Title      : Geometry of Failure
Source     : lines 18854-18882
Destination: rsvp-evolution.tex
Commit     : [admissibility][section] Add Geometry of Failure
[main a919eb0] [admissibility][section] Add Geometry of Failure
 1 file changed, 29 insertions(+)

------------------------------------------------------------
[663/697]
------------------------------------------------------------
Type       : section
Category   : formalism
Title      : Reachability Ontology
Source     : lines 18883-18924
Destination: rsvp-evolution.tex
Commit     : [formalism][section] Add Reachability Ontology
[main be029f8] [formalism][section] Add Reachability Ontology
 1 file changed, 42 insertions(+)

------------------------------------------------------------
[664/697]
------------------------------------------------------------
Type       : section
Category   : formalism
Title      : Admissibility
Source     : lines 18925-18961
Destination: rsvp-evolution.tex
Commit     : [formalism][section] Add Admissibility
[main 4372ae3] [formalism][section] Add Admissibility
 1 file changed, 37 insertions(+)

------------------------------------------------------------
[665/697]
------------------------------------------------------------
Type       : section
Category   : formalism
Title      : Continuation
Source     : lines 18962-19002
Destination: rsvp-evolution.tex
Commit     : [formalism][section] Add Continuation
[main 0854883] [formalism][section] Add Continuation
 1 file changed, 41 insertions(+)

------------------------------------------------------------
[666/697]
------------------------------------------------------------
Type       : section
Category   : formalism
Title      : The Physical Branch: RSVP
Source     : lines 19003-19038
Destination: rsvp-evolution.tex
Commit     : [formalism][section] Add The Physical Branch: RSVP
[main fab760d] [formalism][section] Add The Physical Branch: RSVP
 1 file changed, 36 insertions(+)

------------------------------------------------------------
[667/697]
------------------------------------------------------------
Type       : section
Category   : physics
Title      : The Computational Branch: Flow Computing and Spherepop
Source     : lines 19039-19070
Destination: rsvp-evolution.tex
Commit     : [physics][section] Add The Computational Branch: Flow Computing and Spherepop
[main 01b25d7] [physics][section] Add The Computational Branch: Flow Computing and Spherepop
 1 file changed, 32 insertions(+)

------------------------------------------------------------
[668/697]
------------------------------------------------------------
Type       : section
Category   : formalism
Title      : The Epistemic Branch: CLIO and Semantic Geometry
Source     : lines 19071-19109
Destination: rsvp-evolution.tex
Commit     : [formalism][section] Add The Epistemic Branch: CLIO and Semantic Geometry
[main eb35f3d] [formalism][section] Add The Epistemic Branch: CLIO and Semantic Geometry
 1 file changed, 39 insertions(+)

------------------------------------------------------------
[669/697]
------------------------------------------------------------
Type       : section
Category   : physics
Title      : Cognition, Preference, and Active Inference
Source     : lines 19110-19136
Destination: rsvp-evolution.tex
Commit     : [physics][section] Add Cognition, Preference, and Active Inference
[main 8b9f8a7] [physics][section] Add Cognition, Preference, and Active Inference
 1 file changed, 27 insertions(+)

------------------------------------------------------------
[670/697]
------------------------------------------------------------
Type       : section
Category   : physics
Title      : Collective Architectures: HYDRA and TARTAN
Source     : lines 19137-19162
Destination: rsvp-evolution.tex
Commit     : [physics][section] Add Collective Architectures: HYDRA and TARTAN
[main 7aac892] [physics][section] Add Collective Architectures: HYDRA and TARTAN
 1 file changed, 26 insertions(+)

------------------------------------------------------------
[671/697]
------------------------------------------------------------
Type       : section
Category   : admissibility
Title      : Economic and Institutional Reachability
Source     : lines 19163-19187
Destination: rsvp-evolution.tex
Commit     : [admissibility][section] Add Economic and Institutional Reachability
[main 8289a58] [admissibility][section] Add Economic and Institutional Reachability
 1 file changed, 25 insertions(+)

------------------------------------------------------------
[672/697]
------------------------------------------------------------
Type       : section
Category   : formalism
Title      : The Ecology of Distinctions
Source     : lines 19188-19236
Destination: rsvp-evolution.tex
Commit     : [formalism][section] Add The Ecology of Distinctions
[main ee78d03] [formalism][section] Add The Ecology of Distinctions
 1 file changed, 49 insertions(+)

------------------------------------------------------------
[673/697]
------------------------------------------------------------
Type       : section
Category   : formalism
Title      : Procedural Ontology and Recursive Continuation
Source     : lines 19237-19270
Destination: rsvp-evolution.tex
Commit     : [formalism][section] Add Procedural Ontology and Recursive Continuation
[main 6131f20] [formalism][section] Add Procedural Ontology and Recursive Continuation
 1 file changed, 34 insertions(+)

------------------------------------------------------------
[674/697]
------------------------------------------------------------
Type       : section
Category   : formalism
Title      : Implementation as Conceptual Testing
Source     : lines 19271-19311
Destination: rsvp-evolution.tex
Commit     : [formalism][section] Add Implementation as Conceptual Testing
[main 699cb78] [formalism][section] Add Implementation as Conceptual Testing
 1 file changed, 41 insertions(+)

------------------------------------------------------------
[675/697]
------------------------------------------------------------
Type       : section
Category   : semantics
Title      : Empirical Discipline
Source     : lines 19312-19335
Destination: rsvp-evolution.tex
Commit     : [semantics][section] Add Empirical Discipline
[main 8dd137c] [semantics][section] Add Empirical Discipline
 1 file changed, 24 insertions(+)

------------------------------------------------------------
[676/697]
------------------------------------------------------------
Type       : section
Category   : formalism
Title      : The Present Synthesis
Source     : lines 19336-19378
Destination: rsvp-evolution.tex
Commit     : [formalism][section] Add The Present Synthesis
[main 65625b8] [formalism][section] Add The Present Synthesis
 1 file changed, 43 insertions(+)

------------------------------------------------------------
[677/697]
------------------------------------------------------------
Type       : section
Category   : formalism
Title      : Dependency Structure
Source     : lines 19379-19440
Destination: rsvp-evolution.tex
Commit     : [formalism][section] Add Dependency Structure
[main 3633952] [formalism][section] Add Dependency Structure
 1 file changed, 62 insertions(+)

------------------------------------------------------------
[678/697]
------------------------------------------------------------
Type       : section
Category   : formalism
Title      : Conclusion
Source     : lines 19441-19479
Destination: rsvp-evolution.tex
Commit     : [formalism][section] Add Conclusion
[main 8261c4e] [formalism][section] Add Conclusion
 1 file changed, 39 insertions(+)

------------------------------------------------------------
[679/697]
------------------------------------------------------------
Type       : chapter
Category   : chapter
Title      : Notation and Conventions
Source     : lines 19480-19481
Destination: rsvp-evolution.tex
Commit     : [chapter] Add Notation and Conventions
[main 9b00dee] [chapter] Add Notation and Conventions
 1 file changed, 2 insertions(+)

------------------------------------------------------------
[680/697]
------------------------------------------------------------
Type       : section
Category   : semantics
Title      : Purpose
Source     : lines 19482-19493
Destination: rsvp-evolution.tex
Commit     : [semantics][section] Add Purpose
[main 00e6a5f] [semantics][section] Add Purpose
 1 file changed, 12 insertions(+)

------------------------------------------------------------
[681/697]
------------------------------------------------------------
Type       : section
Category   : formalism
Title      : General Conventions
Source     : lines 19494-19528
Destination: rsvp-evolution.tex
Commit     : [formalism][section] Add General Conventions
[main 6f2c886] [formalism][section] Add General Conventions
 1 file changed, 35 insertions(+)

------------------------------------------------------------
[682/697]
------------------------------------------------------------
Type       : section
Category   : table
Title      : Sets and Spaces
Source     : lines 19529-19544
Destination: rsvp-evolution.tex
Commit     : [table][section] Add Sets and Spaces
[main 99a686b] [table][section] Add Sets and Spaces
 1 file changed, 16 insertions(+)

------------------------------------------------------------
[683/697]
------------------------------------------------------------
Type       : section
Category   : table
Title      : Principal Fields
Source     : lines 19545-19562
Destination: rsvp-evolution.tex
Commit     : [table][section] Add Principal Fields
[main 87b23a6] [table][section] Add Principal Fields
 1 file changed, 18 insertions(+)

------------------------------------------------------------
[684/697]
------------------------------------------------------------
Type       : section
Category   : table
Title      : Organization and Repair
Source     : lines 19563-19578
Destination: rsvp-evolution.tex
Commit     : [table][section] Add Organization and Repair
[main a81e346] [table][section] Add Organization and Repair
 1 file changed, 16 insertions(+)

------------------------------------------------------------
[685/697]
------------------------------------------------------------
Type       : section
Category   : table
Title      : Variational Quantities
Source     : lines 19579-19593
Destination: rsvp-evolution.tex
Commit     : [table][section] Add Variational Quantities
[main bd58a46] [table][section] Add Variational Quantities
 1 file changed, 15 insertions(+)

------------------------------------------------------------
[686/697]
------------------------------------------------------------
Type       : section
Category   : table
Title      : Topology
Source     : lines 19594-19608
Destination: rsvp-evolution.tex
Commit     : [table][section] Add Topology
[main 2562a98] [table][section] Add Topology
 1 file changed, 15 insertions(+)

------------------------------------------------------------
[687/697]
------------------------------------------------------------
Type       : section
Category   : table
Title      : Category Theory
Source     : lines 19609-19625
Destination: rsvp-evolution.tex
Commit     : [table][section] Add Category Theory
[main 7eb615e] [table][section] Add Category Theory
 1 file changed, 17 insertions(+)

------------------------------------------------------------
[688/697]
------------------------------------------------------------
Type       : section
Category   : table
Title      : Sheaf Theory
Source     : lines 19626-19638
Destination: rsvp-evolution.tex
Commit     : [table][section] Add Sheaf Theory
[main 0d2a668] [table][section] Add Sheaf Theory
 1 file changed, 13 insertions(+)

------------------------------------------------------------
[689/697]
------------------------------------------------------------
Type       : section
Category   : table
Title      : Information Geometry
Source     : lines 19639-19653
Destination: rsvp-evolution.tex
Commit     : [table][section] Add Information Geometry
[main 8ea05f9] [table][section] Add Information Geometry
 1 file changed, 15 insertions(+)

------------------------------------------------------------
[690/697]
------------------------------------------------------------
Type       : section
Category   : table
Title      : Computation
Source     : lines 19654-19669
Destination: rsvp-evolution.tex
Commit     : [table][section] Add Computation
[main 12a2bb3] [table][section] Add Computation
 1 file changed, 16 insertions(+)

------------------------------------------------------------
[691/697]
------------------------------------------------------------
Type       : section
Category   : table
Title      : Biology and Cognition
Source     : lines 19670-19683
Destination: rsvp-evolution.tex
Commit     : [table][section] Add Biology and Cognition
[main 0f6c62f] [table][section] Add Biology and Cognition
 1 file changed, 14 insertions(+)

------------------------------------------------------------
[692/697]
------------------------------------------------------------
Type       : section
Category   : table
Title      : Economics and Society
Source     : lines 19684-19698
Destination: rsvp-evolution.tex
Commit     : [table][section] Add Economics and Society
[main 0bf7875] [table][section] Add Economics and Society
 1 file changed, 15 insertions(+)

------------------------------------------------------------
[693/697]
------------------------------------------------------------
Type       : section
Category   : table
Title      : Logical Symbols
Source     : lines 19699-19721
Destination: rsvp-evolution.tex
Commit     : [table][section] Add Logical Symbols
[main b2574c0] [table][section] Add Logical Symbols
 1 file changed, 23 insertions(+)

------------------------------------------------------------
[694/697]
------------------------------------------------------------
Type       : section
Category   : admissibility
Title      : Naming Conventions
Source     : lines 19722-19743
Destination: rsvp-evolution.tex
Commit     : [admissibility][section] Add Naming Conventions
[main 2c12add] [admissibility][section] Add Naming Conventions
 1 file changed, 22 insertions(+)

------------------------------------------------------------
[695/697]
------------------------------------------------------------
Type       : section
Category   : admissibility
Title      : Closing Remarks
Source     : lines 19744-19755
Destination: rsvp-evolution.tex
Commit     : [admissibility][section] Add Closing Remarks
[main 3a1f9b9] [admissibility][section] Add Closing Remarks
 1 file changed, 12 insertions(+)

------------------------------------------------------------
[696/697]
------------------------------------------------------------
Type       : chapter
Category   : chapter
Title      : Annotated Bibliography
Source     : lines 19756-19757
Destination: rsvp-evolution.tex
Commit     : [chapter] Add Annotated Bibliography
[main a3e3b97] [chapter] Add Annotated Bibliography
 1 file changed, 2 insertions(+)

------------------------------------------------------------
[697/697]
------------------------------------------------------------
Type       : section
Category   : exposition
Title      : Outline
Source     : lines 19758-19766
Destination: rsvp-evolution.tex
Commit     : [exposition][section] Add Outline
[main 9974266] [exposition][section] Add Outline
 1 file changed, 9 insertions(+)

============================================================
Publication pass complete
============================================================
Verification     : destination exactly matches source
Commits created  : 697
Completed units  : 697/697
Push            : starting
To github.com:standardgalactic/diagnostic-coordinates.git
   59ba961..9974266  main -> main
Push            : complete

Done.
Final file: rsvp-evolution.tex
Log file  : publish-20260802-195308.log
