\BOOKMARK [0][-]{chapter*.2}{\376\377\000A\000\040\000N\000o\000t\000e\000\040\000o\000n\000\040\000T\000h\000i\000s\000\040\000D\000r\000a\000f\000t}{}% 1
\BOOKMARK [-1][-]{part.1}{\376\377\000I\000\040\000F\000o\000u\000n\000d\000a\000t\000i\000o\000n\000s\000\040\000o\000f\000\040\000O\000r\000g\000a\000n\000i\000z\000a\000t\000i\000o\000n}{}% 2
\BOOKMARK [0][-]{chapter.1}{\376\377\000I\000n\000t\000r\000o\000d\000u\000c\000t\000i\000o\000n}{part.1}% 3
\BOOKMARK [1][-]{section.1.1}{\376\377\000W\000h\000y\000\040\000A\000n\000o\000t\000h\000e\000r\000\040\000T\000h\000e\000o\000r\000y\000?}{chapter.1}% 4
\BOOKMARK [1][-]{section.1.2}{\376\377\000T\000h\000e\000\040\000R\000e\000p\000o\000s\000i\000t\000o\000r\000y\000\040\000a\000s\000\040\000R\000e\000s\000e\000a\000r\000c\000h\000\040\000R\000e\000c\000o\000r\000d}{chapter.1}% 5
\BOOKMARK [1][-]{section.1.3}{\376\377\000F\000r\000o\000m\000\040\000L\000a\000n\000g\000u\000a\000g\000e\000\040\000t\000o\000\040\000P\000h\000y\000s\000i\000c\000s}{chapter.1}% 6
\BOOKMARK [1][-]{section.1.4}{\376\377\000A\000\040\000S\000h\000i\000f\000t\000\040\000i\000n\000\040\000P\000e\000r\000s\000p\000e\000c\000t\000i\000v\000e}{chapter.1}% 7
\BOOKMARK [1][-]{section.1.5}{\376\377\000T\000h\000e\000\040\000R\000S\000V\000P\000\040\000P\000r\000o\000g\000r\000a\000m}{chapter.1}% 8
\BOOKMARK [1][-]{section.1.6}{\376\377\000H\000o\000w\000\040\000t\000o\000\040\000R\000e\000a\000d\000\040\000T\000h\000i\000s\000\040\000B\000o\000o\000k}{chapter.1}% 9
\BOOKMARK [0][-]{chapter.2}{\376\377\000T\000w\000o\000\040\000L\000i\000n\000e\000s\000\040\000o\000f\000\040\000E\000v\000i\000d\000e\000n\000c\000e\000:\000\040\000L\000a\000n\000g\000u\000a\000g\000e\000\040\000a\000n\000d\000\040\000B\000i\000o\000l\000o\000g\000y}{part.1}% 10
\BOOKMARK [1][-]{section.2.1}{\376\377\000T\000h\000e\000\040\000U\000n\000e\000x\000p\000e\000c\000t\000e\000d\000\040\000S\000t\000a\000r\000t\000i\000n\000g\000\040\000P\000o\000i\000n\000t}{chapter.2}% 11
\BOOKMARK [1][-]{section.2.2}{\376\377\000A\000g\000a\000i\000n\000s\000t\000\040\000I\000s\000o\000l\000a\000t\000e\000d\000\040\000S\000y\000m\000b\000o\000l\000s}{chapter.2}% 12
\BOOKMARK [1][-]{section.2.3}{\376\377\000A\000g\000a\000i\000n\000s\000t\000\040\000I\000s\000o\000l\000a\000t\000e\000d\000\040\000N\000e\000u\000r\000o\000n\000s}{chapter.2}% 13
\BOOKMARK [1][-]{section.2.4}{\376\377\000M\000e\000a\000n\000i\000n\000g\000\040\000a\000s\000\040\000C\000o\000n\000s\000t\000r\000a\000i\000n\000t}{chapter.2}% 14
\BOOKMARK [1][-]{section.2.5}{\376\377\000P\000r\000e\000d\000i\000c\000t\000i\000o\000n\000\040\000a\000s\000\040\000C\000o\000n\000s\000t\000r\000a\000i\000n\000t}{chapter.2}% 15
\BOOKMARK [1][-]{section.2.6}{\376\377\000D\000i\000s\000t\000i\000n\000c\000t\000i\000o\000n\000\040\000B\000e\000f\000o\000r\000e\000\040\000R\000e\000p\000r\000e\000s\000e\000n\000t\000a\000t\000i\000o\000n}{chapter.2}% 16
\BOOKMARK [1][-]{section.2.7}{\376\377\000S\000t\000r\000u\000c\000t\000u\000r\000a\000l\000\040\000S\000e\000m\000a\000n\000t\000i\000c\000s}{chapter.2}% 17
\BOOKMARK [1][-]{section.2.8}{\376\377\000H\000i\000e\000r\000a\000r\000c\000h\000i\000c\000a\000l\000\040\000O\000r\000g\000a\000n\000i\000z\000a\000t\000i\000o\000n}{chapter.2}% 18
\BOOKMARK [1][-]{section.2.9}{\376\377\000T\000o\000w\000a\000r\000d\000\040\000I\000n\000f\000o\000r\000m\000a\000t\000i\000o\000n}{chapter.2}% 19
\BOOKMARK [0][-]{chapter.3}{\376\377\000I\000n\000f\000o\000r\000m\000a\000t\000i\000o\000n\000,\000\040\000E\000n\000t\000r\000o\000p\000y\000,\000\040\000a\000n\000d\000\040\000t\000h\000e\000\040\000P\000e\000r\000s\000i\000s\000t\000e\000n\000c\000e\000\040\000o\000f\000\040\000D\000i\000s\000t\000i\000n\000c\000t\000i\000o\000n}{part.1}% 20
\BOOKMARK [1][-]{section.3.1}{\376\377\000F\000r\000o\000m\000\040\000M\000e\000a\000n\000i\000n\000g\000\040\000t\000o\000\040\000I\000n\000f\000o\000r\000m\000a\000t\000i\000o\000n}{chapter.3}% 21
\BOOKMARK [1][-]{section.3.2}{\376\377\000D\000i\000s\000t\000i\000n\000c\000t\000i\000o\000n\000\040\000a\000s\000\040\000t\000h\000e\000\040\000P\000r\000i\000m\000i\000t\000i\000v\000e\000\040\000Q\000u\000a\000n\000t\000i\000t\000y}{chapter.3}% 22
\BOOKMARK [1][-]{section.3.3}{\376\377\000E\000n\000t\000r\000o\000p\000y\000\040\000a\000s\000\040\000t\000h\000e\000\040\000C\000o\000s\000t\000\040\000o\000f\000\040\000M\000a\000i\000n\000t\000a\000i\000n\000i\000n\000g\000\040\000D\000i\000f\000f\000e\000r\000e\000n\000c\000e}{chapter.3}% 23
\BOOKMARK [1][-]{section.3.4}{\376\377\000C\000o\000m\000p\000r\000e\000s\000s\000i\000o\000n\000\040\000a\000n\000d\000\040\000S\000c\000i\000e\000n\000t\000i\000f\000i\000c\000\040\000E\000x\000p\000l\000a\000n\000a\000t\000i\000o\000n}{chapter.3}% 24
\BOOKMARK [1][-]{section.3.5}{\376\377\000I\000n\000f\000o\000r\000m\000a\000t\000i\000o\000n\000\040\000R\000e\000q\000u\000i\000r\000e\000s\000\040\000P\000h\000y\000s\000i\000c\000a\000l\000\040\000S\000u\000p\000p\000o\000r\000t}{chapter.3}% 25
\BOOKMARK [1][-]{section.3.6}{\376\377\000T\000h\000e\000\040\000F\000a\000i\000l\000u\000r\000e\000\040\000o\000f\000\040\000S\000t\000a\000t\000i\000c\000\040\000O\000n\000t\000o\000l\000o\000g\000i\000e\000s}{chapter.3}% 26
\BOOKMARK [1][-]{section.3.7}{\376\377\000T\000o\000w\000a\000r\000d\000\040\000D\000y\000n\000a\000m\000i\000c\000\040\000S\000t\000r\000u\000c\000t\000u\000r\000e}{chapter.3}% 27
\BOOKMARK [1][-]{section.3.8}{\376\377\000T\000h\000e\000\040\000N\000e\000e\000d\000\040\000f\000o\000r\000\040\000G\000e\000o\000m\000e\000t\000r\000y}{chapter.3}% 28
\BOOKMARK [0][-]{chapter.4}{\376\377\000G\000e\000o\000m\000e\000t\000r\000y\000\040\000B\000e\000f\000o\000r\000e\000\040\000R\000e\000p\000r\000e\000s\000e\000n\000t\000a\000t\000i\000o\000n}{part.1}% 29
\BOOKMARK [1][-]{section.4.1}{\376\377\000A\000\040\000C\000h\000a\000n\000g\000e\000\040\000i\000n\000\040\000M\000a\000t\000h\000e\000m\000a\000t\000i\000c\000a\000l\000\040\000P\000r\000i\000o\000r\000i\000t\000y}{chapter.4}% 30
\BOOKMARK [1][-]{section.4.2}{\376\377\000C\000o\000o\000r\000d\000i\000n\000a\000t\000e\000s\000\040\000A\000r\000e\000\040\000N\000o\000t\000\040\000G\000e\000o\000m\000e\000t\000r\000y}{chapter.4}% 31
\BOOKMARK [1][-]{section.4.3}{\376\377\000T\000o\000p\000o\000l\000o\000g\000y\000\040\000B\000e\000f\000o\000r\000e\000\040\000M\000e\000a\000s\000u\000r\000e\000m\000e\000n\000t}{chapter.4}% 32
\BOOKMARK [1][-]{section.4.4}{\376\377\000C\000o\000n\000s\000t\000r\000a\000i\000n\000t\000\040\000a\000s\000\040\000G\000e\000o\000m\000e\000t\000r\000y}{chapter.4}% 33
\BOOKMARK [1][-]{section.4.5}{\376\377\000R\000e\000p\000r\000e\000s\000e\000n\000t\000a\000t\000i\000o\000n\000\040\000a\000s\000\040\000P\000r\000o\000j\000e\000c\000t\000i\000o\000n}{chapter.4}% 34
\BOOKMARK [1][-]{section.4.6}{\376\377\000F\000r\000o\000m\000\040\000O\000b\000j\000e\000c\000t\000s\000\040\000t\000o\000\040\000T\000r\000a\000j\000e\000c\000t\000o\000r\000i\000e\000s}{chapter.4}% 35
\BOOKMARK [1][-]{section.4.7}{\376\377\000F\000i\000e\000l\000d\000s\000\040\000R\000a\000t\000h\000e\000r\000\040\000T\000h\000a\000n\000\040\000C\000o\000n\000t\000a\000i\000n\000e\000r\000s}{chapter.4}% 36
\BOOKMARK [1][-]{section.4.8}{\376\377\000T\000h\000e\000\040\000G\000e\000o\000m\000e\000t\000r\000y\000\040\000o\000f\000\040\000P\000o\000s\000s\000i\000b\000i\000l\000i\000t\000y}{chapter.4}% 37
\BOOKMARK [1][-]{section.4.9}{\376\377\000T\000o\000w\000a\000r\000d\000\040\000A\000d\000m\000i\000s\000s\000i\000b\000i\000l\000i\000t\000y}{chapter.4}% 38
\BOOKMARK [0][-]{chapter.5}{\376\377\000A\000d\000m\000i\000s\000s\000i\000b\000i\000l\000i\000t\000y\000:\000\040\000T\000h\000e\000\040\000M\000a\000t\000h\000e\000m\000a\000t\000i\000c\000s\000\040\000o\000f\000\040\000P\000e\000r\000s\000i\000s\000t\000e\000n\000c\000e}{part.1}% 39
\BOOKMARK [1][-]{section.5.1}{\376\377\000F\000r\000o\000m\000\040\000G\000e\000o\000m\000e\000t\000r\000y\000\040\000t\000o\000\040\000E\000v\000o\000l\000u\000t\000i\000o\000n}{chapter.5}% 40
\BOOKMARK [1][-]{section.5.2}{\376\377\000T\000h\000e\000\040\000I\000n\000f\000o\000r\000m\000a\000l\000\040\000I\000d\000e\000a}{chapter.5}% 41
\BOOKMARK [1][-]{section.5.3}{\376\377\000A\000d\000m\000i\000s\000s\000i\000b\000l\000e\000\040\000E\000v\000o\000l\000u\000t\000i\000o\000n}{chapter.5}% 42
\BOOKMARK [1][-]{section.5.4}{\376\377\000A\000d\000m\000i\000s\000s\000i\000b\000l\000e\000\040\000T\000r\000a\000j\000e\000c\000t\000o\000r\000i\000e\000s}{chapter.5}% 43
\BOOKMARK [1][-]{section.5.5}{\376\377\000V\000i\000o\000l\000a\000t\000i\000o\000n}{chapter.5}% 44
\BOOKMARK [1][-]{section.5.6}{\376\377\000P\000e\000r\000s\000i\000s\000t\000e\000n\000c\000e\000\040\000R\000a\000t\000h\000e\000r\000\040\000T\000h\000a\000n\000\040\000P\000e\000r\000f\000e\000c\000t\000i\000o\000n}{chapter.5}% 45
\BOOKMARK [1][-]{section.5.7}{\376\377\000U\000n\000i\000v\000e\000r\000s\000a\000l\000i\000t\000y}{chapter.5}% 46
\BOOKMARK [1][-]{section.5.8}{\376\377\000A\000\040\000P\000r\000i\000n\000c\000i\000p\000l\000e\000\040\000o\000f\000\040\000O\000r\000g\000a\000n\000i\000z\000a\000t\000i\000o\000n}{chapter.5}% 47
\BOOKMARK [1][-]{section.5.9}{\376\377\000H\000i\000e\000r\000a\000r\000c\000h\000i\000c\000a\000l\000\040\000A\000d\000m\000i\000s\000s\000i\000b\000i\000l\000i\000t\000y}{chapter.5}% 48
\BOOKMARK [1][-]{section.5.10}{\376\377\000L\000o\000o\000k\000i\000n\000g\000\040\000F\000o\000r\000w\000a\000r\000d}{chapter.5}% 49
\BOOKMARK [0][-]{chapter.6}{\376\377\000R\000e\000p\000a\000i\000r\000:\000\040\000D\000y\000n\000a\000m\000i\000c\000s\000\040\000B\000e\000y\000o\000n\000d\000\040\000E\000v\000o\000l\000u\000t\000i\000o\000n}{part.1}% 50
\BOOKMARK [1][-]{section.6.1}{\376\377\000W\000h\000y\000\040\000D\000y\000n\000a\000m\000i\000c\000s\000\040\000A\000l\000o\000n\000e\000\040\000A\000r\000e\000\040\000I\000n\000s\000u\000f\000f\000i\000c\000i\000e\000n\000t}{chapter.6}% 51
\BOOKMARK [1][-]{section.6.2}{\376\377\000F\000a\000i\000l\000u\000r\000e\000\040\000i\000s\000\040\000I\000n\000f\000o\000r\000m\000a\000t\000i\000v\000e}{chapter.6}% 52
\BOOKMARK [1][-]{section.6.3}{\376\377\000R\000e\000p\000a\000i\000r\000\040\000O\000p\000e\000r\000a\000t\000o\000r\000s}{chapter.6}% 53
\BOOKMARK [1][-]{section.6.4}{\376\377\000E\000x\000a\000m\000p\000l\000e\000s\000\040\000A\000c\000r\000o\000s\000s\000\040\000D\000i\000s\000c\000i\000p\000l\000i\000n\000e\000s}{chapter.6}% 54
\BOOKMARK [1][-]{section.6.5}{\376\377\000C\000o\000m\000p\000o\000s\000i\000t\000i\000o\000n\000\040\000o\000f\000\040\000R\000e\000p\000a\000i\000r\000s}{chapter.6}% 55
\BOOKMARK [1][-]{section.6.6}{\376\377\000L\000o\000c\000a\000l\000\040\000a\000n\000d\000\040\000G\000l\000o\000b\000a\000l\000\040\000R\000e\000p\000a\000i\000r}{chapter.6}% 56
\BOOKMARK [1][-]{section.6.7}{\376\377\000R\000e\000p\000a\000i\000r\000\040\000G\000e\000n\000e\000r\000a\000t\000e\000s\000\040\000I\000d\000e\000n\000t\000i\000t\000y}{chapter.6}% 57
\BOOKMARK [1][-]{section.6.8}{\376\377\000R\000e\000p\000a\000i\000r\000\040\000a\000n\000d\000\040\000T\000i\000m\000e}{chapter.6}% 58
\BOOKMARK [1][-]{section.6.9}{\376\377\000R\000e\000p\000a\000i\000r\000\040\000B\000e\000f\000o\000r\000e\000\040\000O\000p\000t\000i\000m\000i\000z\000a\000t\000i\000o\000n}{chapter.6}% 59
\BOOKMARK [1][-]{section.6.10}{\376\377\000T\000o\000w\000a\000r\000d\000\040\000C\000o\000n\000t\000i\000n\000u\000a\000t\000i\000o\000n}{chapter.6}% 60
\BOOKMARK [0][-]{chapter.7}{\376\377\000C\000o\000n\000t\000i\000n\000u\000a\000t\000i\000o\000n\000:\000\040\000I\000d\000e\000n\000t\000i\000t\000y\000\040\000T\000h\000r\000o\000u\000g\000h\000\040\000T\000i\000m\000e}{part.1}% 61
\BOOKMARK [1][-]{section.7.1}{\376\377\000T\000h\000e\000\040\000P\000r\000o\000b\000l\000e\000m\000\040\000o\000f\000\040\000P\000e\000r\000s\000i\000s\000t\000e\000n\000c\000e}{chapter.7}% 62
\BOOKMARK [1][-]{section.7.2}{\376\377\000I\000d\000e\000n\000t\000i\000t\000y\000\040\000i\000s\000\040\000N\000o\000t\000\040\000M\000a\000t\000e\000r\000i\000a\000l\000\040\000S\000a\000m\000e\000n\000e\000s\000s}{chapter.7}% 63
\BOOKMARK [1][-]{section.7.3}{\376\377\000C\000o\000n\000t\000i\000n\000u\000a\000t\000i\000o\000n\000\040\000a\000s\000\040\000a\000\040\000P\000r\000i\000m\000i\000t\000i\000v\000e\000\040\000C\000o\000n\000c\000e\000p\000t}{chapter.7}% 64
\BOOKMARK [1][-]{section.7.4}{\376\377\000T\000r\000a\000j\000e\000c\000t\000o\000r\000i\000e\000s\000\040\000R\000e\000p\000l\000a\000c\000e\000\040\000S\000n\000a\000p\000s\000h\000o\000t\000s}{chapter.7}% 65
\BOOKMARK [1][-]{section.7.5}{\376\377\000T\000h\000e\000\040\000C\000o\000n\000t\000i\000n\000u\000a\000t\000i\000o\000n\000\040\000R\000e\000l\000a\000t\000i\000o\000n}{chapter.7}% 66
\BOOKMARK [1][-]{section.7.6}{\376\377\000M\000e\000m\000o\000r\000y\000\040\000a\000s\000\040\000S\000t\000r\000u\000c\000t\000u\000r\000a\000l\000\040\000C\000o\000n\000t\000i\000n\000u\000a\000t\000i\000o\000n}{chapter.7}% 67
\BOOKMARK [1][-]{section.7.7}{\376\377\000T\000h\000e\000\040\000C\000o\000n\000t\000i\000n\000u\000i\000t\000y\000\040\000o\000f\000\040\000F\000u\000n\000c\000t\000i\000o\000n}{chapter.7}% 68
\BOOKMARK [1][-]{section.7.8}{\376\377\000C\000o\000n\000t\000i\000n\000u\000a\000t\000i\000o\000n\000\040\000A\000c\000r\000o\000s\000s\000\040\000S\000c\000a\000l\000e\000s}{chapter.7}% 69
\BOOKMARK [1][-]{section.7.9}{\376\377\000T\000h\000e\000\040\000A\000r\000r\000o\000w\000\040\000o\000f\000\040\000O\000r\000g\000a\000n\000i\000z\000a\000t\000i\000o\000n}{chapter.7}% 70
\BOOKMARK [1][-]{section.7.10}{\376\377\000T\000o\000w\000a\000r\000d\000\040\000F\000i\000e\000l\000d\000\040\000O\000n\000t\000o\000l\000o\000g\000y}{chapter.7}% 71
\BOOKMARK [0][-]{chapter.8}{\376\377\000F\000r\000o\000m\000\040\000C\000o\000n\000t\000i\000n\000u\000a\000t\000i\000o\000n\000\040\000t\000o\000\040\000P\000l\000e\000n\000u\000m}{part.1}% 72
\BOOKMARK [1][-]{section.8.1}{\376\377\000A\000\040\000C\000h\000a\000n\000g\000e\000\040\000o\000f\000\040\000O\000n\000t\000o\000l\000o\000g\000y}{chapter.8}% 73
\BOOKMARK [1][-]{section.8.2}{\376\377\000W\000h\000y\000\040\000N\000o\000t\000\040\000B\000e\000g\000i\000n\000\040\000W\000i\000t\000h\000\040\000P\000a\000r\000t\000i\000c\000l\000e\000s\000?}{chapter.8}% 74
\BOOKMARK [1][-]{section.8.3}{\376\377\000T\000h\000e\000\040\000M\000e\000a\000n\000i\000n\000g\000\040\000o\000f\000\040\000P\000l\000e\000n\000u\000m}{chapter.8}% 75
\BOOKMARK [1][-]{section.8.4}{\376\377\000S\000c\000a\000l\000a\000r\000\040\000a\000n\000d\000\040\000V\000e\000c\000t\000o\000r\000\040\000S\000t\000r\000u\000c\000t\000u\000r\000e}{chapter.8}% 76
\BOOKMARK [1][-]{section.8.5}{\376\377\000R\000e\000l\000a\000t\000i\000v\000i\000t\000y\000\040\000a\000s\000\040\000a\000\040\000S\000t\000r\000u\000c\000t\000u\000r\000a\000l\000\040\000C\000o\000n\000s\000t\000r\000a\000i\000n\000t}{chapter.8}% 77
\BOOKMARK [1][-]{section.8.6}{\376\377\000O\000b\000j\000e\000c\000t\000s\000\040\000B\000e\000c\000o\000m\000e\000\040\000S\000t\000a\000b\000l\000e\000\040\000T\000r\000a\000j\000e\000c\000t\000o\000r\000i\000e\000s}{chapter.8}% 78
\BOOKMARK [1][-]{section.8.7}{\376\377\000D\000i\000a\000g\000n\000o\000s\000t\000i\000c\000\040\000C\000o\000o\000r\000d\000i\000n\000a\000t\000e\000s}{chapter.8}% 79
\BOOKMARK [1][-]{section.8.8}{\376\377\000F\000i\000e\000l\000d\000\040\000D\000y\000n\000a\000m\000i\000c\000s\000\040\000B\000e\000f\000o\000r\000e\000\040\000O\000b\000j\000e\000c\000t\000s}{chapter.8}% 80
\BOOKMARK [1][-]{section.8.9}{\376\377\000T\000h\000e\000\040\000R\000o\000a\000d\000\040\000A\000h\000e\000a\000d}{chapter.8}% 81
\BOOKMARK [0][-]{chapter.9}{\376\377\000T\000h\000e\000\040\000G\000e\000o\000m\000e\000t\000r\000y\000\040\000o\000f\000\040\000t\000h\000e\000\040\000P\000l\000e\000n\000u\000m}{part.1}% 82
\BOOKMARK [1][-]{section.9.1}{\376\377\000T\000h\000e\000\040\000P\000l\000e\000n\000u\000m\000\040\000a\000s\000\040\000C\000o\000n\000f\000i\000g\000u\000r\000a\000t\000i\000o\000n\000\040\000S\000p\000a\000c\000e}{chapter.9}% 83
\BOOKMARK [1][-]{section.9.2}{\376\377\000T\000h\000e\000\040\000C\000o\000n\000f\000i\000g\000u\000r\000a\000t\000i\000o\000n\000\040\000M\000a\000n\000i\000f\000o\000l\000d}{chapter.9}% 84
\BOOKMARK [1][-]{section.9.3}{\376\377\000N\000e\000i\000g\000h\000b\000o\000r\000h\000o\000o\000d\000s\000\040\000o\000f\000\040\000C\000o\000n\000t\000i\000n\000u\000a\000t\000i\000o\000n}{chapter.9}% 85
\BOOKMARK [1][-]{section.9.4}{\376\377\000B\000o\000u\000n\000d\000a\000r\000i\000e\000s}{chapter.9}% 86
\BOOKMARK [1][-]{section.9.5}{\376\377\000C\000u\000r\000v\000a\000t\000u\000r\000e\000\040\000a\000s\000\040\000O\000r\000g\000a\000n\000i\000z\000a\000t\000i\000o\000n\000a\000l\000\040\000R\000e\000s\000p\000o\000n\000s\000e}{chapter.9}% 87
\BOOKMARK [1][-]{section.9.6}{\376\377\000L\000o\000c\000a\000l\000i\000z\000e\000d\000\040\000S\000t\000a\000b\000i\000l\000i\000t\000y}{chapter.9}% 88
\BOOKMARK [1][-]{section.9.7}{\376\377\000F\000i\000e\000l\000d\000\040\000R\000e\000p\000a\000i\000r}{chapter.9}% 89
\BOOKMARK [1][-]{section.9.8}{\376\377\000O\000b\000s\000e\000r\000v\000e\000r\000s}{chapter.9}% 90
\BOOKMARK [1][-]{section.9.9}{\376\377\000E\000m\000e\000r\000g\000e\000n\000c\000e\000\040\000o\000f\000\040\000P\000h\000y\000s\000i\000c\000a\000l\000\040\000L\000a\000w}{chapter.9}% 91
\BOOKMARK [1][-]{section.9.10}{\376\377\000T\000o\000w\000a\000r\000d\000\040\000D\000y\000n\000a\000m\000i\000c\000s}{chapter.9}% 92
\BOOKMARK [0][-]{chapter.10}{\376\377\000D\000y\000n\000a\000m\000i\000c\000s\000\040\000o\000f\000\040\000t\000h\000e\000\040\000S\000c\000a\000l\000a\000r\040\023\000V\000e\000c\000t\000o\000r\000\040\000P\000l\000e\000n\000u\000m}{part.1}% 93
\BOOKMARK [1][-]{section.10.1}{\376\377\000F\000r\000o\000m\000\040\000C\000o\000n\000f\000i\000g\000u\000r\000a\000t\000i\000o\000n\000\040\000t\000o\000\040\000E\000v\000o\000l\000u\000t\000i\000o\000n}{chapter.10}% 94
\BOOKMARK [1][-]{section.10.2}{\376\377\000T\000h\000e\000\040\000S\000t\000a\000t\000e\000\040\000o\000f\000\040\000t\000h\000e\000\040\000P\000l\000e\000n\000u\000m}{chapter.10}% 95
\BOOKMARK [1][-]{section.10.3}{\376\377\000E\000v\000o\000l\000u\000t\000i\000o\000n\000\040\000O\000p\000e\000r\000a\000t\000o\000r}{chapter.10}% 96
\BOOKMARK [1][-]{section.10.4}{\376\377\000T\000h\000e\000\040\000P\000r\000i\000n\000c\000i\000p\000l\000e\000\040\000o\000f\000\040\000M\000i\000n\000i\000m\000u\000m\000\040\000S\000t\000r\000u\000c\000t\000u\000r\000a\000l\000\040\000V\000i\000o\000l\000a\000t\000i\000o\000n}{chapter.10}% 97
\BOOKMARK [1][-]{section.10.5}{\376\377\000S\000t\000r\000u\000c\000t\000u\000r\000a\000l\000\040\000T\000e\000n\000s\000i\000o\000n}{chapter.10}% 98
\BOOKMARK [1][-]{section.10.6}{\376\377\000P\000r\000o\000p\000a\000g\000a\000t\000i\000o\000n}{chapter.10}% 99
\BOOKMARK [1][-]{section.10.7}{\376\377\000E\000m\000e\000r\000g\000e\000n\000t\000\040\000O\000b\000j\000e\000c\000t\000s}{chapter.10}% 100
\BOOKMARK [1][-]{section.10.8}{\376\377\000S\000c\000a\000l\000e\000\040\000I\000n\000d\000e\000p\000e\000n\000d\000e\000n\000c\000e}{chapter.10}% 101
\BOOKMARK [1][-]{section.10.9}{\376\377\000T\000o\000w\000a\000r\000d\000\040\000C\000o\000n\000s\000e\000r\000v\000a\000t\000i\000o\000n}{chapter.10}% 102
\BOOKMARK [0][-]{chapter.11}{\376\377\000S\000y\000m\000m\000e\000t\000r\000y\000,\000\040\000I\000n\000v\000a\000r\000i\000a\000n\000c\000e\000,\000\040\000a\000n\000d\000\040\000C\000o\000n\000s\000e\000r\000v\000a\000t\000i\000o\000n}{part.1}% 103
\BOOKMARK [1][-]{section.11.1}{\376\377\000W\000h\000y\000\040\000S\000y\000m\000m\000e\000t\000r\000y\000\040\000M\000a\000t\000t\000e\000r\000s}{chapter.11}% 104
\BOOKMARK [1][-]{section.11.2}{\376\377\000I\000n\000v\000a\000r\000i\000a\000n\000c\000e\000\040\000B\000e\000f\000o\000r\000e\000\040\000C\000o\000n\000s\000e\000r\000v\000a\000t\000i\000o\000n}{chapter.11}% 105
\BOOKMARK [1][-]{section.11.3}{\376\377\000S\000y\000m\000m\000e\000t\000r\000y\000\040\000a\000s\000\040\000I\000n\000d\000i\000f\000f\000e\000r\000e\000n\000c\000e}{chapter.11}% 106
\BOOKMARK [1][-]{section.11.4}{\376\377\000T\000h\000e\000\040\000G\000e\000o\000m\000e\000t\000r\000y\000\040\000o\000f\000\040\000S\000y\000m\000m\000e\000t\000r\000y}{chapter.11}% 107
\BOOKMARK [1][-]{section.11.5}{\376\377\000C\000o\000n\000s\000e\000r\000v\000a\000t\000i\000o\000n\000\040\000a\000s\000\040\000P\000e\000r\000s\000i\000s\000t\000e\000n\000t\000\040\000S\000t\000r\000u\000c\000t\000u\000r\000e}{chapter.11}% 108
\BOOKMARK [1][-]{section.11.6}{\376\377\000B\000r\000o\000k\000e\000n\000\040\000S\000y\000m\000m\000e\000t\000r\000y}{chapter.11}% 109
\BOOKMARK [1][-]{section.11.7}{\376\377\000H\000i\000e\000r\000a\000r\000c\000h\000y\000\040\000o\000f\000\040\000I\000n\000v\000a\000r\000i\000a\000n\000t\000s}{chapter.11}% 110
\BOOKMARK [1][-]{section.11.8}{\376\377\000C\000o\000n\000s\000e\000r\000v\000a\000t\000i\000o\000n\000\040\000B\000e\000y\000o\000n\000d\000\040\000P\000h\000y\000s\000i\000c\000s}{chapter.11}% 111
\BOOKMARK [1][-]{section.11.9}{\376\377\000T\000o\000w\000a\000r\000d\000\040\000t\000h\000e\000\040\000A\000c\000t\000i\000o\000n\000\040\000P\000r\000i\000n\000c\000i\000p\000l\000e}{chapter.11}% 112
\BOOKMARK [0][-]{chapter.12}{\376\377\000T\000h\000e\000\040\000V\000a\000r\000i\000a\000t\000i\000o\000n\000a\000l\000\040\000P\000r\000i\000n\000c\000i\000p\000l\000e\000\040\000o\000f\000\040\000A\000d\000m\000i\000s\000s\000i\000b\000i\000l\000i\000t\000y}{part.1}% 113
\BOOKMARK [1][-]{section.12.1}{\376\377\000T\000h\000e\000\040\000R\000o\000l\000e\000\040\000o\000f\000\040\000V\000a\000r\000i\000a\000t\000i\000o\000n\000a\000l\000\040\000P\000r\000i\000n\000c\000i\000p\000l\000e\000s}{chapter.12}% 114
\BOOKMARK [1][-]{section.12.2}{\376\377\000B\000e\000y\000o\000n\000d\000\040\000L\000e\000a\000s\000t\000\040\000A\000c\000t\000i\000o\000n}{chapter.12}% 115
\BOOKMARK [1][-]{section.12.3}{\376\377\000T\000h\000e\000\040\000A\000d\000m\000i\000s\000s\000i\000b\000i\000l\000i\000t\000y\000\040\000F\000u\000n\000c\000t\000i\000o\000n\000a\000l}{chapter.12}% 116
\BOOKMARK [1][-]{section.12.4}{\376\377\000A\000d\000m\000i\000s\000s\000i\000b\000l\000e\000\040\000E\000v\000o\000l\000u\000t\000i\000o\000n}{chapter.12}% 117
\BOOKMARK [1][-]{section.12.5}{\376\377\000A\000\040\000S\000c\000h\000e\000m\000a\000t\000i\000c\000\040\000D\000e\000c\000o\000m\000p\000o\000s\000i\000t\000i\000o\000n}{chapter.12}% 118
\BOOKMARK [1][-]{section.12.6}{\376\377\000R\000e\000p\000a\000i\000r\000\040\000W\000i\000t\000h\000i\000n\000\040\000t\000h\000e\000\040\000A\000c\000t\000i\000o\000n}{chapter.12}% 119
\BOOKMARK [1][-]{section.12.7}{\376\377\000R\000e\000c\000o\000v\000e\000r\000i\000n\000g\000\040\000C\000l\000a\000s\000s\000i\000c\000a\000l\000\040\000P\000h\000y\000s\000i\000c\000s}{chapter.12}% 120
\BOOKMARK [1][-]{section.12.8}{\376\377\000E\000x\000t\000r\000e\000m\000a\000l\000s\000\040\000a\000n\000d\000\040\000P\000e\000r\000s\000i\000s\000t\000e\000n\000c\000e}{chapter.12}% 121
\BOOKMARK [1][-]{section.12.9}{\376\377\000O\000p\000e\000n\000\040\000M\000a\000t\000h\000e\000m\000a\000t\000i\000c\000a\000l\000\040\000Q\000u\000e\000s\000t\000i\000o\000n\000s}{chapter.12}% 122
\BOOKMARK [1][-]{section.12.10}{\376\377\000T\000o\000w\000a\000r\000d\000\040\000D\000i\000a\000g\000n\000o\000s\000t\000i\000c\000\040\000C\000o\000o\000r\000d\000i\000n\000a\000t\000e\000s}{chapter.12}% 123
\BOOKMARK [0][-]{chapter.13}{\376\377\000D\000e\000r\000i\000v\000i\000n\000g\000\040\000t\000h\000e\000\040\000R\000S\000V\000P\000\040\000L\000a\000g\000r\000a\000n\000g\000i\000a\000n}{part.1}% 124
\BOOKMARK [1][-]{section.13.1}{\376\377\000W\000h\000y\000\040\000a\000\040\000L\000a\000g\000r\000a\000n\000g\000i\000a\000n\000\040\000F\000o\000r\000m\000u\000l\000a\000t\000i\000o\000n\000?}{chapter.13}% 125
\BOOKMARK [1][-]{section.13.2}{\376\377\000P\000h\000y\000s\000i\000c\000a\000l\000\040\000P\000r\000i\000n\000c\000i\000p\000l\000e\000s\000:\000\040\000L\000o\000c\000a\000l\000i\000t\000y\000,\000\040\000C\000o\000v\000a\000r\000i\000a\000n\000c\000e\000,\000\040\000a\000n\000d\000\040\000A\000d\000m\000i\000s\000s\000i\000b\000i\000l\000i\000t\000y}{chapter.13}% 126
\BOOKMARK [1][-]{section.13.3}{\376\377\000L\000o\000c\000a\000l\000\040\000V\000i\000o\000l\000a\000t\000i\000o\000n\000\040\000a\000n\000d\000\040\000R\000e\000p\000a\000i\000r\000\040\000D\000e\000n\000s\000i\000t\000i\000e\000s}{chapter.13}% 127
\BOOKMARK [1][-]{section.13.4}{\376\377\000G\000e\000n\000e\000r\000a\000l\000\040\000F\000o\000r\000m\000\040\000o\000f\000\040\000t\000h\000e\000\040\000R\000S\000V\000P\000\040\000A\000c\000t\000i\000o\000n}{chapter.13}% 128
\BOOKMARK [1][-]{section.13.5}{\376\377\000P\000r\000i\000m\000i\000t\000i\000v\000e\000\040\000V\000a\000r\000i\000a\000b\000l\000e\000s}{chapter.13}% 129
\BOOKMARK [1][-]{section.13.6}{\376\377\000S\000c\000a\000l\000a\000r\000\040\000a\000n\000d\000\040\000V\000e\000c\000t\000o\000r\000\040\000S\000e\000c\000t\000o\000r\000\040\000C\000o\000n\000s\000t\000r\000u\000c\000t\000i\000o\000n}{chapter.13}% 130
\BOOKMARK [1][-]{section.13.7}{\376\377\000L\000o\000o\000k\000i\000n\000g\000\040\000F\000o\000r\000w\000a\000r\000d}{chapter.13}% 131
\BOOKMARK [0][-]{chapter.14}{\376\377\000E\000u\000l\000e\000r\040\023\000L\000a\000g\000r\000a\000n\000g\000e\000\040\000E\000q\000u\000a\000t\000i\000o\000n\000s\000\040\000f\000o\000r\000\040\000t\000h\000e\000\040\000R\000S\000V\000P\000\040\000A\000c\000t\000i\000o\000n}{part.1}% 132
\BOOKMARK [1][-]{section.14.1}{\376\377\000S\000t\000a\000t\000i\000o\000n\000a\000r\000i\000t\000y\000\040\000o\000f\000\040\000t\000h\000e\000\040\000A\000c\000t\000i\000o\000n}{chapter.14}% 133
\BOOKMARK [1][-]{section.14.2}{\376\377\000V\000a\000r\000i\000a\000t\000i\000o\000n\000\040\000w\000i\000t\000h\000\040\000R\000e\000s\000p\000e\000c\000t\000\040\000t\000o\000\040\000t\000h\000e\000\040\000S\000c\000a\000l\000a\000r\000\040\000F\000i\000e\000l\000d}{chapter.14}% 134
\BOOKMARK [1][-]{section.14.3}{\376\377\000V\000a\000r\000i\000a\000t\000i\000o\000n\000\040\000w\000i\000t\000h\000\040\000R\000e\000s\000p\000e\000c\000t\000\040\000t\000o\000\040\000t\000h\000e\000\040\000V\000e\000c\000t\000o\000r\000\040\000F\000i\000e\000l\000d}{chapter.14}% 135
\BOOKMARK [1][-]{section.14.4}{\376\377\000I\000n\000t\000e\000r\000p\000r\000e\000t\000a\000t\000i\000o\000n}{chapter.14}% 136
\BOOKMARK [1][-]{section.14.5}{\376\377\000T\000h\000e\000\040\000A\000d\000m\000i\000s\000s\000i\000b\000l\000e\000\040\000L\000i\000m\000i\000t}{chapter.14}% 137
\BOOKMARK [1][-]{section.14.6}{\376\377\000V\000i\000o\000l\000a\000t\000i\000o\000n\000\040\000D\000y\000n\000a\000m\000i\000c\000s}{chapter.14}% 138
\BOOKMARK [1][-]{section.14.7}{\376\377\000W\000e\000l\000l\000-\000P\000o\000s\000e\000d\000n\000e\000s\000s}{chapter.14}% 139
\BOOKMARK [1][-]{section.14.8}{\376\377\000T\000o\000w\000a\000r\000d\000\040\000t\000h\000e\000\040\000S\000t\000r\000e\000s\000s\040\023\000E\000n\000e\000r\000g\000y\000\040\000T\000e\000n\000s\000o\000r}{chapter.14}% 140
\BOOKMARK [0][-]{chapter.15}{\376\377\000T\000h\000e\000\040\000S\000t\000r\000e\000s\000s\040\023\000E\000n\000e\000r\000g\000y\000\040\000T\000e\000n\000s\000o\000r\000\040\000a\000n\000d\000\040\000O\000r\000g\000a\000n\000i\000z\000a\000t\000i\000o\000n\000a\000l\000\040\000C\000u\000r\000r\000e\000n\000t\000s}{part.1}% 141
\BOOKMARK [1][-]{section.15.1}{\376\377\000T\000h\000e\000\040\000P\000h\000y\000s\000i\000c\000a\000l\000\040\000M\000e\000a\000n\000i\000n\000g\000\040\000o\000f\000\040\000E\000n\000e\000r\000g\000y}{chapter.15}% 142
\BOOKMARK [1][-]{section.15.2}{\376\377\000V\000a\000r\000i\000a\000t\000i\000o\000n\000\040\000w\000i\000t\000h\000\040\000R\000e\000s\000p\000e\000c\000t\000\040\000t\000o\000\040\000t\000h\000e\000\040\000M\000e\000t\000r\000i\000c}{chapter.15}% 143
\BOOKMARK [1][-]{section.15.3}{\376\377\000S\000e\000c\000t\000o\000r\000\040\000D\000e\000c\000o\000m\000p\000o\000s\000i\000t\000i\000o\000n}{chapter.15}% 144
\BOOKMARK [1][-]{section.15.4}{\376\377\000T\000h\000e\000\040\000S\000c\000a\000l\000a\000r\000\040\000C\000o\000n\000t\000r\000i\000b\000u\000t\000i\000o\000n}{chapter.15}% 145
\BOOKMARK [1][-]{section.15.5}{\376\377\000T\000h\000e\000\040\000V\000e\000c\000t\000o\000r\000\040\000C\000o\000n\000t\000r\000i\000b\000u\000t\000i\000o\000n}{chapter.15}% 146
\BOOKMARK [1][-]{section.15.6}{\376\377\000O\000r\000g\000a\000n\000i\000z\000a\000t\000i\000o\000n\000a\000l\000\040\000C\000o\000n\000t\000r\000i\000b\000u\000t\000i\000o\000n\000s}{chapter.15}% 147
\BOOKMARK [1][-]{section.15.7}{\376\377\000C\000o\000n\000s\000e\000r\000v\000a\000t\000i\000o\000n}{chapter.15}% 148
\BOOKMARK [1][-]{section.15.8}{\376\377\000O\000r\000g\000a\000n\000i\000z\000a\000t\000i\000o\000n\000a\000l\000\040\000C\000u\000r\000r\000e\000n\000t}{chapter.15}% 149
\BOOKMARK [1][-]{section.15.9}{\376\377\000O\000b\000s\000e\000r\000v\000a\000b\000l\000e\000\040\000C\000o\000n\000s\000e\000q\000u\000e\000n\000c\000e\000s}{chapter.15}% 150
\BOOKMARK [1][-]{section.15.10}{\376\377\000T\000o\000w\000a\000r\000d\000\040\000G\000r\000a\000v\000i\000t\000a\000t\000i\000o\000n}{chapter.15}% 151
\BOOKMARK [0][-]{chapter.16}{\376\377\000T\000h\000e\000\040\000G\000r\000a\000v\000i\000t\000a\000t\000i\000o\000n\000a\000l\000\040\000L\000i\000m\000i\000t}{part.1}% 152
\BOOKMARK [1][-]{section.16.1}{\376\377\000T\000h\000e\000\040\000Q\000u\000e\000s\000t\000i\000o\000n\000\040\000o\000f\000\040\000G\000r\000a\000v\000i\000t\000a\000t\000i\000o\000n}{chapter.16}% 153
\BOOKMARK [1][-]{section.16.2}{\376\377\000G\000e\000o\000m\000e\000t\000r\000y\000\040\000R\000e\000v\000i\000s\000i\000t\000e\000d}{chapter.16}% 154
\BOOKMARK [1][-]{section.16.3}{\376\377\000E\000f\000f\000e\000c\000t\000i\000v\000e\000\040\000G\000e\000o\000m\000e\000t\000r\000y}{chapter.16}% 155
\BOOKMARK [1][-]{section.16.4}{\376\377\000O\000r\000g\000a\000n\000i\000z\000a\000t\000i\000o\000n\000a\000l\000\040\000S\000o\000u\000r\000c\000e\000s}{chapter.16}% 156
\BOOKMARK [1][-]{section.16.5}{\376\377\000T\000h\000e\000\040\000E\000i\000n\000s\000t\000e\000i\000n\000\040\000L\000i\000m\000i\000t}{chapter.16}% 157
\BOOKMARK [1][-]{section.16.6}{\376\377\000C\000u\000r\000v\000a\000t\000u\000r\000e\000\040\000a\000s\000\040\000O\000r\000g\000a\000n\000i\000z\000a\000t\000i\000o\000n\000a\000l\000\040\000R\000e\000s\000p\000o\000n\000s\000e}{chapter.16}% 158
\BOOKMARK [1][-]{section.16.7}{\376\377\000S\000i\000n\000g\000u\000l\000a\000r\000i\000t\000i\000e\000s}{chapter.16}% 159
\BOOKMARK [1][-]{section.16.8}{\376\377\000C\000o\000s\000m\000o\000l\000o\000g\000i\000c\000a\000l\000\040\000O\000r\000g\000a\000n\000i\000z\000a\000t\000i\000o\000n}{chapter.16}% 160
\BOOKMARK [1][-]{section.16.9}{\376\377\000P\000r\000e\000d\000i\000c\000t\000i\000o\000n\000s\000\040\000a\000n\000d\000\040\000C\000o\000n\000s\000t\000r\000a\000i\000n\000t\000s}{chapter.16}% 161
\BOOKMARK [1][-]{section.16.10}{\376\377\000T\000o\000w\000a\000r\000d\000\040\000Q\000u\000a\000n\000t\000u\000m\000\040\000O\000r\000g\000a\000n\000i\000z\000a\000t\000i\000o\000n}{chapter.16}% 162
\BOOKMARK [0][-]{chapter.17}{\376\377\000Q\000u\000a\000n\000t\000u\000m\000\040\000O\000r\000g\000a\000n\000i\000z\000a\000t\000i\000o\000n}{part.1}% 163
\BOOKMARK [1][-]{section.17.1}{\376\377\000T\000h\000e\000\040\000Q\000u\000a\000n\000t\000u\000m\000\040\000P\000r\000o\000b\000l\000e\000m}{chapter.17}% 164
\BOOKMARK [1][-]{section.17.2}{\376\377\000T\000h\000e\000\040\000O\000n\000t\000o\000l\000o\000g\000i\000c\000a\000l\000\040\000Q\000u\000e\000s\000t\000i\000o\000n}{chapter.17}% 165
\BOOKMARK [1][-]{section.17.3}{\376\377\000S\000u\000p\000e\000r\000p\000o\000s\000i\000t\000i\000o\000n}{chapter.17}% 166
\BOOKMARK [1][-]{section.17.4}{\376\377\000M\000e\000a\000s\000u\000r\000e\000m\000e\000n\000t}{chapter.17}% 167
\BOOKMARK [1][-]{section.17.5}{\376\377\000P\000r\000o\000b\000a\000b\000i\000l\000i\000t\000y}{chapter.17}% 168
\BOOKMARK [1][-]{section.17.6}{\376\377\000E\000n\000t\000a\000n\000g\000l\000e\000m\000e\000n\000t}{chapter.17}% 169
\BOOKMARK [1][-]{section.17.7}{\376\377\000D\000e\000c\000o\000h\000e\000r\000e\000n\000c\000e}{chapter.17}% 170
\BOOKMARK [1][-]{section.17.8}{\376\377\000C\000l\000a\000s\000s\000i\000c\000a\000l\000\040\000E\000m\000e\000r\000g\000e\000n\000c\000e}{chapter.17}% 171
\BOOKMARK [1][-]{section.17.9}{\376\377\000O\000p\000e\000n\000\040\000P\000r\000o\000b\000l\000e\000m\000s}{chapter.17}% 172
\BOOKMARK [1][-]{section.17.10}{\376\377\000T\000o\000w\000a\000r\000d\000\040\000a\000\040\000U\000n\000i\000f\000i\000e\000d\000\040\000O\000r\000g\000a\000n\000i\000z\000a\000t\000i\000o\000n\000a\000l\000\040\000P\000h\000y\000s\000i\000c\000s}{chapter.17}% 173
\BOOKMARK [-1][-]{part.2}{\376\377\000I\000I\000\040\000M\000a\000t\000h\000e\000m\000a\000t\000i\000c\000a\000l\000\040\000S\000t\000r\000u\000c\000t\000u\000r\000e}{}% 174
\BOOKMARK [0][-]{chapter*.15}{\376\377\000A\000\040\000N\000o\000t\000e\000\040\000o\000n\000\040\000P\000a\000r\000t\000\040\000I\000I}{part.2}% 175
\BOOKMARK [0][-]{chapter.18}{\376\377\000D\000i\000f\000f\000e\000r\000e\000n\000t\000i\000a\000l\000\040\000G\000e\000o\000m\000e\000t\000r\000y\000\040\000o\000f\000\040\000A\000d\000m\000i\000s\000s\000i\000b\000l\000e\000\040\000M\000a\000n\000i\000f\000o\000l\000d\000s}{part.2}% 176
\BOOKMARK [1][-]{section.18.1}{\376\377\000S\000c\000o\000p\000e\000\040\000a\000n\000d\000\040\000M\000a\000t\000h\000e\000m\000a\000t\000i\000c\000a\000l\000\040\000S\000e\000t\000t\000i\000n\000g}{chapter.18}% 177
\BOOKMARK [1][-]{section.18.2}{\376\377\000C\000o\000n\000s\000t\000r\000a\000i\000n\000t\000\040\000M\000a\000p\000s}{chapter.18}% 178
\BOOKMARK [1][-]{section.18.3}{\376\377\000T\000h\000e\000\040\000A\000d\000m\000i\000s\000s\000i\000b\000l\000e\000\040\000M\000a\000n\000i\000f\000o\000l\000d}{chapter.18}% 179
\BOOKMARK [1][-]{section.18.4}{\376\377\000I\000n\000e\000q\000u\000a\000l\000i\000t\000y\000\040\000C\000o\000n\000s\000t\000r\000a\000i\000n\000t\000s\000\040\000a\000n\000d\000\040\000A\000d\000m\000i\000s\000s\000i\000b\000l\000e\000\040\000R\000e\000g\000i\000o\000n\000s}{chapter.18}% 180
\BOOKMARK [1][-]{section.18.5}{\376\377\000A\000d\000m\000i\000s\000s\000i\000b\000l\000e\000\040\000T\000a\000n\000g\000e\000n\000t\000\040\000V\000e\000c\000t\000o\000r\000s}{chapter.18}% 181
\BOOKMARK [1][-]{section.18.6}{\376\377\000T\000h\000e\000\040\000A\000d\000m\000i\000s\000s\000i\000b\000l\000e\000\040\000D\000i\000s\000t\000r\000i\000b\000u\000t\000i\000o\000n}{chapter.18}% 182
\BOOKMARK [1][-]{section.18.7}{\376\377\000A\000d\000m\000i\000s\000s\000i\000b\000l\000e\000\040\000V\000e\000c\000t\000o\000r\000\040\000F\000i\000e\000l\000d\000s}{chapter.18}% 183
\BOOKMARK [1][-]{section.18.8}{\376\377\000P\000r\000o\000j\000e\000c\000t\000e\000d\000\040\000D\000y\000n\000a\000m\000i\000c\000s}{chapter.18}% 184
\BOOKMARK [1][-]{section.18.9}{\376\377\000E\000x\000p\000l\000i\000c\000i\000t\000\040\000P\000r\000o\000j\000e\000c\000t\000i\000o\000n\000\040\000F\000o\000r\000m\000u\000l\000a}{chapter.18}% 185
\BOOKMARK [1][-]{section.18.10}{\376\377\000V\000i\000o\000l\000a\000t\000i\000o\000n\000\040\000F\000u\000n\000c\000t\000i\000o\000n\000a\000l\000s}{chapter.18}% 186
\BOOKMARK [1][-]{section.18.11}{\376\377\000R\000e\000p\000a\000i\000r\000\040\000a\000s\000\040\000G\000r\000a\000d\000i\000e\000n\000t\000\040\000F\000l\000o\000w}{chapter.18}% 187
\BOOKMARK [1][-]{section.18.12}{\376\377\000L\000o\000c\000a\000l\000\040\000C\000o\000n\000v\000e\000r\000g\000e\000n\000c\000e\000\040\000o\000f\000\040\000R\000e\000p\000a\000i\000r}{chapter.18}% 188
\BOOKMARK [1][-]{section.18.13}{\376\377\000T\000h\000e\000\040\000T\000u\000b\000u\000l\000a\000r\000\040\000R\000e\000p\000a\000i\000r\000\040\000M\000a\000p}{chapter.18}% 189
\BOOKMARK [1][-]{section.18.14}{\376\377\000E\000v\000o\000l\000u\000t\000i\000o\000n\000\040\000a\000n\000d\000\040\000R\000e\000p\000a\000i\000r}{chapter.18}% 190
\BOOKMARK [1][-]{section.18.15}{\376\377\000V\000i\000a\000b\000i\000l\000i\000t\000y\000\040\000a\000t\000\040\000I\000n\000e\000q\000u\000a\000l\000i\000t\000y\000\040\000B\000o\000u\000n\000d\000a\000r\000i\000e\000s}{chapter.18}% 191
\BOOKMARK [1][-]{section.18.16}{\376\377\000A\000d\000m\000i\000s\000s\000i\000b\000l\000e\000\040\000C\000o\000n\000n\000e\000c\000t\000i\000o\000n\000s}{chapter.18}% 192
\BOOKMARK [1][-]{section.18.17}{\376\377\000A\000d\000m\000i\000s\000s\000i\000b\000l\000e\000\040\000G\000e\000o\000d\000e\000s\000i\000c\000s}{chapter.18}% 193
\BOOKMARK [1][-]{section.18.18}{\376\377\000C\000o\000n\000s\000t\000r\000a\000i\000n\000e\000d\000\040\000V\000a\000r\000i\000a\000t\000i\000o\000n\000a\000l\000\040\000P\000r\000i\000n\000c\000i\000p\000l\000e}{chapter.18}% 194
\BOOKMARK [1][-]{section.18.19}{\376\377\000E\000x\000t\000r\000i\000n\000s\000i\000c\000\040\000G\000e\000o\000m\000e\000t\000r\000y}{chapter.18}% 195
\BOOKMARK [1][-]{section.18.20}{\376\377\000T\000h\000e\000\040\000G\000a\000u\000s\000s\000\040\000E\000q\000u\000a\000t\000i\000o\000n}{chapter.18}% 196
\BOOKMARK [1][-]{section.18.21}{\376\377\000L\000o\000c\000a\000l\000\040\000E\000x\000i\000s\000t\000e\000n\000c\000e\000\040\000o\000f\000\040\000A\000d\000m\000i\000s\000s\000i\000b\000l\000e\000\040\000C\000o\000n\000t\000i\000n\000u\000a\000t\000i\000o\000n}{chapter.18}% 197
\BOOKMARK [1][-]{section.18.22}{\376\377\000G\000l\000o\000b\000a\000l\000\040\000C\000o\000n\000t\000i\000n\000u\000a\000t\000i\000o\000n\000\040\000U\000n\000d\000e\000r\000\040\000C\000o\000m\000p\000l\000e\000t\000e\000n\000e\000s\000s}{chapter.18}% 198
\BOOKMARK [1][-]{section.18.23}{\376\377\000H\000i\000e\000r\000a\000r\000c\000h\000i\000c\000a\000l\000\040\000A\000d\000m\000i\000s\000s\000i\000b\000i\000l\000i\000t\000y\000\040\000a\000s\000\040\000a\000\040\000F\000i\000b\000e\000r\000e\000d\000\040\000C\000o\000n\000s\000t\000r\000u\000c\000t\000i\000o\000n}{chapter.18}% 199
\BOOKMARK [1][-]{section.18.24}{\376\377\000F\000i\000e\000l\000d\000-\000T\000h\000e\000o\000r\000e\000t\000i\000c\000\040\000E\000x\000t\000e\000n\000s\000i\000o\000n}{chapter.18}% 200
\BOOKMARK [1][-]{section.18.25}{\376\377\000S\000u\000m\000m\000a\000r\000y\000\040\000o\000f\000\040\000t\000h\000e\000\040\000M\000a\000t\000h\000e\000m\000a\000t\000i\000c\000a\000l\000\040\000S\000t\000r\000u\000c\000t\000u\000r\000e}{chapter.18}% 201
\BOOKMARK [0][-]{chapter.19}{\376\377\000T\000o\000p\000o\000l\000o\000g\000y\000\040\000o\000f\000\040\000R\000e\000p\000a\000i\000r}{part.2}% 202
\BOOKMARK [1][-]{section.19.1}{\376\377\000I\000n\000t\000r\000o\000d\000u\000c\000t\000i\000o\000n}{chapter.19}% 203
\BOOKMARK [1][-]{section.19.2}{\376\377\000R\000e\000p\000a\000i\000r\000\040\000S\000p\000a\000c\000e\000s}{chapter.19}% 204
\BOOKMARK [1][-]{section.19.3}{\376\377\000R\000e\000p\000a\000i\000r\000\040\000P\000a\000t\000h\000s}{chapter.19}% 205
\BOOKMARK [1][-]{section.19.4}{\376\377\000R\000e\000p\000a\000i\000r\000\040\000H\000o\000m\000o\000t\000o\000p\000y}{chapter.19}% 206
\BOOKMARK [1][-]{section.19.5}{\376\377\000R\000e\000p\000a\000i\000r\000\040\000C\000l\000a\000s\000s\000e\000s}{chapter.19}% 207
\BOOKMARK [1][-]{section.19.6}{\376\377\000C\000o\000n\000t\000i\000n\000u\000a\000t\000i\000o\000n\000\040\000C\000l\000a\000s\000s\000e\000s}{chapter.19}% 208
\BOOKMARK [1][-]{section.19.7}{\376\377\000T\000h\000e\000\040\000R\000e\000p\000a\000i\000r\000\040\000I\000n\000d\000e\000x}{chapter.19}% 209
\BOOKMARK [1][-]{section.19.8}{\376\377\000O\000b\000s\000t\000r\000u\000c\000t\000i\000o\000n\000s}{chapter.19}% 210
\BOOKMARK [1][-]{section.19.9}{\376\377\000R\000e\000l\000a\000t\000i\000v\000e\000\040\000H\000o\000m\000o\000t\000o\000p\000y}{chapter.19}% 211
\BOOKMARK [1][-]{section.19.10}{\376\377\000R\000e\000p\000a\000i\000r\000\040\000a\000s\000\040\000D\000e\000f\000o\000r\000m\000a\000t\000i\000o\000n\000\040\000R\000e\000t\000r\000a\000c\000t\000i\000o\000n}{chapter.19}% 212
\BOOKMARK [1][-]{section.19.11}{\376\377\000F\000u\000n\000d\000a\000m\000e\000n\000t\000a\000l\000\040\000R\000e\000p\000a\000i\000r\000\040\000T\000h\000e\000o\000r\000e\000m}{chapter.19}% 213
\BOOKMARK [1][-]{section.19.12}{\376\377\000T\000o\000p\000o\000l\000o\000g\000i\000c\000a\000l\000\040\000D\000e\000f\000e\000c\000t\000s}{chapter.19}% 214
\BOOKMARK [1][-]{section.19.13}{\376\377\000C\000o\000n\000t\000i\000n\000u\000a\000t\000i\000o\000n\000\040\000T\000h\000r\000o\000u\000g\000h\000\040\000S\000u\000r\000g\000e\000r\000y}{chapter.19}% 215
\BOOKMARK [1][-]{section.19.14}{\376\377\000P\000e\000r\000s\000i\000s\000t\000e\000n\000c\000e\000\040\000U\000n\000d\000e\000r\000\040\000R\000e\000p\000a\000i\000r}{chapter.19}% 216
\BOOKMARK [0][-]{chapter.20}{\376\377\000C\000a\000t\000e\000g\000o\000r\000y\000\040\000T\000h\000e\000o\000r\000y\000\040\000o\000f\000\040\000O\000r\000g\000a\000n\000i\000z\000a\000t\000i\000o\000n}{part.2}% 217
\BOOKMARK [1][-]{section.20.1}{\376\377\000W\000h\000y\000\040\000C\000a\000t\000e\000g\000o\000r\000y\000\040\000T\000h\000e\000o\000r\000y\000?}{chapter.20}% 218
\BOOKMARK [1][-]{section.20.2}{\376\377\000T\000h\000e\000\040\000O\000r\000g\000a\000n\000i\000z\000a\000t\000i\000o\000n\000a\000l\000\040\000C\000a\000t\000e\000g\000o\000r\000y}{chapter.20}% 219
\BOOKMARK [1][-]{section.20.3}{\376\377\000I\000d\000e\000n\000t\000i\000t\000y\000\040\000M\000o\000r\000p\000h\000i\000s\000m\000s}{chapter.20}% 220
\BOOKMARK [1][-]{section.20.4}{\376\377\000C\000o\000m\000p\000o\000s\000i\000t\000i\000o\000n}{chapter.20}% 221
\BOOKMARK [1][-]{section.20.5}{\376\377\000R\000e\000p\000a\000i\000r\000\040\000M\000o\000r\000p\000h\000i\000s\000m\000s}{chapter.20}% 222
\BOOKMARK [1][-]{section.20.6}{\376\377\000I\000d\000e\000m\000p\000o\000t\000e\000n\000c\000e}{chapter.20}% 223
\BOOKMARK [1][-]{section.20.7}{\376\377\000C\000o\000n\000t\000i\000n\000u\000a\000t\000i\000o\000n\000\040\000M\000o\000r\000p\000h\000i\000s\000m\000s}{chapter.20}% 224
\BOOKMARK [1][-]{section.20.8}{\376\377\000T\000h\000e\000\040\000C\000o\000n\000t\000i\000n\000u\000a\000t\000i\000o\000n\000\040\000G\000r\000o\000u\000p\000o\000i\000d}{chapter.20}% 225
\BOOKMARK [1][-]{section.20.9}{\376\377\000F\000o\000r\000g\000e\000t\000f\000u\000l\000\040\000F\000u\000n\000c\000t\000o\000r\000s}{chapter.20}% 226
\BOOKMARK [1][-]{section.20.10}{\376\377\000R\000e\000p\000a\000i\000r\000\040\000F\000u\000n\000c\000t\000o\000r\000s}{chapter.20}% 227
\BOOKMARK [1][-]{section.20.11}{\376\377\000N\000a\000t\000u\000r\000a\000l\000\040\000T\000r\000a\000n\000s\000f\000o\000r\000m\000a\000t\000i\000o\000n\000s}{chapter.20}% 228
\BOOKMARK [1][-]{section.20.12}{\376\377\000L\000i\000m\000i\000t\000s\000\040\000a\000n\000d\000\040\000C\000o\000m\000p\000o\000s\000i\000t\000e\000\040\000S\000y\000s\000t\000e\000m\000s}{chapter.20}% 229
\BOOKMARK [1][-]{section.20.13}{\376\377\000C\000o\000l\000i\000m\000i\000t\000s\000\040\000a\000n\000d\000\040\000I\000n\000t\000e\000g\000r\000a\000t\000i\000o\000n}{chapter.20}% 230
\BOOKMARK [1][-]{section.20.14}{\376\377\000S\000h\000e\000a\000v\000e\000s\000\040\000o\000f\000\040\000O\000r\000g\000a\000n\000i\000z\000a\000t\000i\000o\000n}{chapter.20}% 231
\BOOKMARK [1][-]{section.20.15}{\376\377\000T\000h\000e\000\040\000O\000r\000g\000a\000n\000i\000z\000a\000t\000i\000o\000n\000a\000l\000\040\000Y\000o\000n\000e\000d\000a\000\040\000P\000r\000i\000n\000c\000i\000p\000l\000e}{chapter.20}% 232
\BOOKMARK [1][-]{section.20.16}{\376\377\000T\000h\000e\000\040\000F\000u\000n\000d\000a\000m\000e\000n\000t\000a\000l\000\040\000C\000a\000t\000e\000g\000o\000r\000y\000\040\000o\000f\000\040\000O\000r\000g\000a\000n\000i\000z\000a\000t\000i\000o\000n}{chapter.20}% 233
\BOOKMARK [0][-]{chapter.21}{\376\377\000I\000n\000f\000o\000r\000m\000a\000t\000i\000o\000n\000\040\000G\000e\000o\000m\000e\000t\000r\000y}{part.2}% 234
\BOOKMARK [1][-]{section.21.1}{\376\377\000F\000r\000o\000m\000\040\000I\000n\000f\000o\000r\000m\000a\000t\000i\000o\000n\000\040\000t\000o\000\040\000G\000e\000o\000m\000e\000t\000r\000y}{chapter.21}% 235
\BOOKMARK [1][-]{section.21.2}{\376\377\000T\000h\000e\000\040\000S\000t\000a\000t\000i\000s\000t\000i\000c\000a\000l\000\040\000M\000a\000n\000i\000f\000o\000l\000d}{chapter.21}% 236
\BOOKMARK [1][-]{section.21.3}{\376\377\000T\000h\000e\000\040\000F\000i\000s\000h\000e\000r\000\040\000M\000e\000t\000r\000i\000c}{chapter.21}% 237
\BOOKMARK [1][-]{section.21.4}{\376\377\000D\000i\000a\000g\000n\000o\000s\000t\000i\000c\000\040\000C\000o\000o\000r\000d\000i\000n\000a\000t\000e\000s}{chapter.21}% 238
\BOOKMARK [1][-]{section.21.5}{\376\377\000I\000n\000f\000o\000r\000m\000a\000t\000i\000o\000n\000\040\000D\000i\000s\000t\000a\000n\000c\000e}{chapter.21}% 239
\BOOKMARK [1][-]{section.21.6}{\376\377\000E\000n\000t\000r\000o\000p\000y\000\040\000a\000s\000\040\000C\000u\000r\000v\000a\000t\000u\000r\000e}{chapter.21}% 240
\BOOKMARK [1][-]{section.21.7}{\376\377\000B\000a\000y\000e\000s\000i\000a\000n\000\040\000R\000e\000p\000a\000i\000r}{chapter.21}% 241
\BOOKMARK [1][-]{section.21.8}{\376\377\000T\000h\000e\000\040\000R\000e\000p\000a\000i\000r\000\040\000M\000e\000t\000r\000i\000c}{chapter.21}% 242
\BOOKMARK [1][-]{section.21.9}{\376\377\000D\000u\000a\000l\000\040\000G\000e\000o\000m\000e\000t\000r\000y}{chapter.21}% 243
\BOOKMARK [1][-]{section.21.10}{\376\377\000H\000i\000e\000r\000a\000r\000c\000h\000i\000c\000a\000l\000\040\000I\000n\000f\000o\000r\000m\000a\000t\000i\000o\000n}{chapter.21}% 244
\BOOKMARK [1][-]{section.21.11}{\376\377\000T\000h\000e\000\040\000I\000n\000f\000o\000r\000m\000a\000t\000i\000o\000n\000\040\000B\000u\000n\000d\000l\000e}{chapter.21}% 245
\BOOKMARK [1][-]{section.21.12}{\376\377\000G\000e\000o\000d\000e\000s\000i\000c\000s\000\040\000o\000f\000\040\000L\000e\000a\000r\000n\000i\000n\000g}{chapter.21}% 246
\BOOKMARK [1][-]{section.21.13}{\376\377\000T\000h\000e\000\040\000I\000n\000f\000o\000r\000m\000a\000t\000i\000o\000n\000\040\000C\000u\000r\000v\000a\000t\000u\000r\000e\000\040\000T\000h\000e\000o\000r\000e\000m}{chapter.21}% 247
\BOOKMARK [1][-]{section.21.14}{\376\377\000T\000o\000w\000a\000r\000d\000\040\000V\000a\000r\000i\000a\000t\000i\000o\000n\000a\000l\000\040\000R\000e\000p\000a\000i\000r}{chapter.21}% 248
\BOOKMARK [0][-]{chapter.22}{\376\377\000V\000a\000r\000i\000a\000t\000i\000o\000n\000a\000l\000\040\000R\000e\000p\000a\000i\000r\000\040\000T\000h\000e\000o\000r\000y}{part.2}% 249
\BOOKMARK [1][-]{section.22.1}{\376\377\000F\000r\000o\000m\000\040\000D\000y\000n\000a\000m\000i\000c\000s\000\040\000t\000o\000\040\000R\000e\000p\000a\000i\000r}{chapter.22}% 250
\BOOKMARK [1][-]{section.22.2}{\376\377\000T\000h\000e\000\040\000R\000e\000p\000a\000i\000r\000\040\000F\000u\000n\000c\000t\000i\000o\000n\000a\000l}{chapter.22}% 251
\BOOKMARK [1][-]{section.22.3}{\376\377\000S\000t\000r\000u\000c\000t\000u\000r\000e\000\040\000o\000f\000\040\000t\000h\000e\000\040\000R\000e\000p\000a\000i\000r\000\040\000L\000a\000g\000r\000a\000n\000g\000i\000a\000n}{chapter.22}% 252
\BOOKMARK [1][-]{section.22.4}{\376\377\000S\000t\000a\000t\000i\000o\000n\000a\000r\000y\000\040\000R\000e\000p\000a\000i\000r}{chapter.22}% 253
\BOOKMARK [1][-]{section.22.5}{\376\377\000G\000r\000a\000d\000i\000e\000n\000t\000\040\000R\000e\000p\000a\000i\000r}{chapter.22}% 254
\BOOKMARK [1][-]{section.22.6}{\376\377\000G\000e\000n\000e\000r\000a\000l\000i\000z\000e\000d\000\040\000R\000e\000p\000a\000i\000r\000\040\000F\000l\000o\000w}{chapter.22}% 255
\BOOKMARK [1][-]{section.22.7}{\376\377\000L\000y\000a\000p\000u\000n\000o\000v\000\040\000S\000t\000a\000b\000i\000l\000i\000t\000y}{chapter.22}% 256
\BOOKMARK [1][-]{section.22.8}{\376\377\000R\000e\000p\000a\000i\000r\000\040\000E\000n\000e\000r\000g\000y}{chapter.22}% 257
\BOOKMARK [1][-]{section.22.9}{\376\377\000O\000p\000t\000i\000m\000a\000l\000\040\000R\000e\000p\000a\000i\000r}{chapter.22}% 258
\BOOKMARK [1][-]{section.22.10}{\376\377\000H\000i\000e\000r\000a\000r\000c\000h\000i\000c\000a\000l\000\040\000R\000e\000p\000a\000i\000r}{chapter.22}% 259
\BOOKMARK [1][-]{section.22.11}{\376\377\000C\000o\000n\000s\000t\000r\000a\000i\000n\000t\000s\000\040\000a\000n\000d\000\040\000R\000e\000p\000a\000i\000r}{chapter.22}% 260
\BOOKMARK [1][-]{section.22.12}{\376\377\000R\000e\000p\000a\000i\000r\000\040\000B\000i\000f\000u\000r\000c\000a\000t\000i\000o\000n\000s}{chapter.22}% 261
\BOOKMARK [1][-]{section.22.13}{\376\377\000T\000h\000e\000\040\000P\000r\000i\000n\000c\000i\000p\000l\000e\000\040\000o\000f\000\040\000L\000e\000a\000s\000t\000\040\000O\000r\000g\000a\000n\000i\000z\000a\000t\000i\000o\000n\000a\000l\000\040\000R\000e\000p\000a\000i\000r}{chapter.22}% 262
\BOOKMARK [1][-]{section.22.14}{\376\377\000T\000o\000w\000a\000r\000d\000\040\000S\000t\000a\000b\000i\000l\000i\000t\000y\000\040\000T\000h\000e\000o\000r\000y}{chapter.22}% 263
\BOOKMARK [0][-]{chapter.23}{\376\377\000S\000t\000a\000b\000i\000l\000i\000t\000y\000\040\000T\000h\000e\000o\000r\000y}{part.2}% 264
\BOOKMARK [1][-]{section.23.1}{\376\377\000I\000n\000t\000r\000o\000d\000u\000c\000t\000i\000o\000n}{chapter.23}% 265
\BOOKMARK [1][-]{section.23.2}{\376\377\000D\000y\000n\000a\000m\000i\000c\000a\000l\000\040\000S\000y\000s\000t\000e\000m\000s\000\040\000o\000n\000\040\000t\000h\000e\000\040\000A\000d\000m\000i\000s\000s\000i\000b\000l\000e\000\040\000M\000a\000n\000i\000f\000o\000l\000d}{chapter.23}% 266
\BOOKMARK [1][-]{section.23.3}{\376\377\000S\000t\000r\000u\000c\000t\000u\000r\000a\000l\000\040\000E\000q\000u\000i\000l\000i\000b\000r\000i\000a}{chapter.23}% 267
\BOOKMARK [1][-]{section.23.4}{\376\377\000S\000t\000r\000u\000c\000t\000u\000r\000a\000l\000\040\000A\000t\000t\000r\000a\000c\000t\000o\000r\000s}{chapter.23}% 268
\BOOKMARK [1][-]{section.23.5}{\376\377\000T\000h\000e\000\040\000S\000t\000a\000b\000l\000e\000\040\000R\000e\000g\000i\000o\000n\000\040\000O\000m\000e\000g\000a}{chapter.23}% 269
\BOOKMARK [1][-]{section.23.6}{\376\377\000L\000i\000m\000i\000t\000\040\000C\000y\000c\000l\000e\000s}{chapter.23}% 270
\BOOKMARK [1][-]{section.23.7}{\376\377\000O\000r\000g\000a\000n\000i\000z\000a\000t\000i\000o\000n\000a\000l\000\040\000B\000i\000f\000u\000r\000c\000a\000t\000i\000o\000n\000s}{chapter.23}% 271
\BOOKMARK [1][-]{section.23.8}{\376\377\000C\000a\000t\000a\000s\000t\000r\000o\000p\000h\000e\000\040\000T\000h\000e\000o\000r\000y}{chapter.23}% 272
\BOOKMARK [1][-]{section.23.9}{\376\377\000O\000r\000g\000a\000n\000i\000z\000a\000t\000i\000o\000n\000a\000l\000\040\000C\000u\000r\000v\000a\000t\000u\000r\000e\000\040\000a\000n\000d\000\040\000S\000t\000a\000b\000i\000l\000i\000t\000y}{chapter.23}% 273
\BOOKMARK [1][-]{section.23.10}{\376\377\000L\000y\000a\000p\000u\000n\000o\000v\000\040\000S\000t\000a\000b\000i\000l\000i\000t\000y\000\040\000R\000e\000v\000i\000s\000i\000t\000e\000d}{chapter.23}% 274
\BOOKMARK [1][-]{section.23.11}{\376\377\000S\000t\000a\000b\000i\000l\000i\000t\000y\000\040\000H\000i\000e\000r\000a\000r\000c\000h\000y}{chapter.23}% 275
\BOOKMARK [1][-]{section.23.12}{\376\377\000T\000h\000e\000\040\000F\000u\000n\000d\000a\000m\000e\000n\000t\000a\000l\000\040\000C\000o\000n\000t\000i\000n\000u\000a\000t\000i\000o\000n\000\040\000T\000h\000e\000o\000r\000e\000m}{chapter.23}% 276
\BOOKMARK [1][-]{section.23.13}{\376\377\000D\000i\000s\000c\000u\000s\000s\000i\000o\000n}{chapter.23}% 277
\BOOKMARK [-1][-]{part.3}{\376\377\000I\000I\000I\000\040\000P\000h\000y\000s\000i\000c\000a\000l\000\040\000A\000p\000p\000l\000i\000c\000a\000t\000i\000o\000n\000s}{}% 278
\BOOKMARK [0][-]{chapter*.16}{\376\377\000A\000\040\000N\000o\000t\000e\000\040\000o\000n\000\040\000P\000a\000r\000t\000\040\000I\000I\000I}{part.3}% 279
\BOOKMARK [0][-]{chapter.24}{\376\377\000C\000l\000a\000s\000s\000i\000c\000a\000l\000\040\000M\000e\000c\000h\000a\000n\000i\000c\000s\000\040\000a\000s\000\040\000a\000\040\000L\000i\000m\000i\000t\000i\000n\000g\000\040\000C\000a\000s\000e}{part.3}% 280
\BOOKMARK [1][-]{section.24.1}{\376\377\000I\000n\000t\000r\000o\000d\000u\000c\000t\000i\000o\000n}{chapter.24}% 281
\BOOKMARK [1][-]{section.24.2}{\376\377\000T\000h\000e\000\040\000A\000d\000m\000i\000s\000s\000i\000b\000l\000e\000\040\000L\000i\000m\000i\000t}{chapter.24}% 282
\BOOKMARK [1][-]{section.24.3}{\376\377\000L\000o\000c\000a\000l\000i\000z\000e\000d\000\040\000S\000t\000r\000u\000c\000t\000u\000r\000e\000s}{chapter.24}% 283
\BOOKMARK [1][-]{section.24.4}{\376\377\000E\000f\000f\000e\000c\000t\000i\000v\000e\000\040\000M\000a\000s\000s}{chapter.24}% 284
\BOOKMARK [1][-]{section.24.5}{\376\377\000E\000m\000e\000r\000g\000e\000n\000c\000e\000\040\000o\000f\000\040\000N\000e\000w\000t\000o\000n\000'\000s\000\040\000S\000e\000c\000o\000n\000d\000\040\000L\000a\000w}{chapter.24}% 285
\BOOKMARK [1][-]{section.24.6}{\376\377\000P\000o\000t\000e\000n\000t\000i\000a\000l\000\040\000E\000n\000e\000r\000g\000y}{chapter.24}% 286
\BOOKMARK [1][-]{section.24.7}{\376\377\000C\000o\000n\000s\000e\000r\000v\000a\000t\000i\000o\000n\000\040\000L\000a\000w\000s}{chapter.24}% 287
\BOOKMARK [1][-]{section.24.8}{\376\377\000S\000m\000a\000l\000l\000\040\000O\000s\000c\000i\000l\000l\000a\000t\000i\000o\000n\000s}{chapter.24}% 288
\BOOKMARK [1][-]{section.24.9}{\376\377\000M\000a\000n\000y\000-\000B\000o\000d\000y\000\040\000S\000y\000s\000t\000e\000m\000s}{chapter.24}% 289
\BOOKMARK [1][-]{section.24.10}{\376\377\000R\000e\000c\000o\000v\000e\000r\000i\000n\000g\000\040\000C\000l\000a\000s\000s\000i\000c\000a\000l\000\040\000M\000e\000c\000h\000a\000n\000i\000c\000s}{chapter.24}% 290
\BOOKMARK [0][-]{chapter.25}{\376\377\000E\000l\000e\000c\000t\000r\000o\000m\000a\000g\000n\000e\000t\000i\000s\000m}{part.3}% 291
\BOOKMARK [1][-]{section.25.1}{\376\377\000I\000n\000t\000r\000o\000d\000u\000c\000t\000i\000o\000n}{chapter.25}% 292
\BOOKMARK [1][-]{section.25.2}{\376\377\000T\000h\000e\000\040\000V\000e\000c\000t\000o\000r\000\040\000S\000e\000c\000t\000o\000r}{chapter.25}% 293
\BOOKMARK [1][-]{section.25.3}{\376\377\000V\000a\000r\000i\000a\000t\000i\000o\000n\000a\000l\000\040\000D\000e\000r\000i\000v\000a\000t\000i\000o\000n}{chapter.25}% 294
\BOOKMARK [1][-]{section.25.4}{\376\377\000I\000n\000c\000l\000u\000s\000i\000o\000n\000\040\000o\000f\000\040\000S\000o\000u\000r\000c\000e\000s}{chapter.25}% 295
\BOOKMARK [1][-]{section.25.5}{\376\377\000G\000a\000u\000g\000e\000\040\000S\000y\000m\000m\000e\000t\000r\000y}{chapter.25}% 296
\BOOKMARK [1][-]{section.25.6}{\376\377\000E\000n\000e\000r\000g\000y\000\040\000a\000n\000d\000\040\000M\000o\000m\000e\000n\000t\000u\000m}{chapter.25}% 297
\BOOKMARK [1][-]{section.25.7}{\376\377\000A\000d\000m\000i\000s\000s\000i\000b\000i\000l\000i\000t\000y\000\040\000C\000o\000r\000r\000e\000c\000t\000i\000o\000n\000s}{chapter.25}% 298
\BOOKMARK [1][-]{section.25.8}{\376\377\000E\000l\000e\000c\000t\000r\000o\000m\000a\000g\000n\000e\000t\000i\000c\000\040\000R\000e\000p\000a\000i\000r}{chapter.25}% 299
\BOOKMARK [1][-]{section.25.9}{\376\377\000P\000o\000s\000s\000i\000b\000l\000e\000\040\000O\000b\000s\000e\000r\000v\000a\000t\000i\000o\000n\000a\000l\000\040\000C\000o\000n\000s\000e\000q\000u\000e\000n\000c\000e\000s}{chapter.25}% 300
\BOOKMARK [1][-]{section.25.10}{\376\377\000D\000i\000s\000c\000u\000s\000s\000i\000o\000n}{chapter.25}% 301
\BOOKMARK [0][-]{chapter.26}{\376\377\000G\000e\000n\000e\000r\000a\000l\000\040\000R\000e\000l\000a\000t\000i\000v\000i\000t\000y}{part.3}% 302
\BOOKMARK [1][-]{section.26.1}{\376\377\000I\000n\000t\000r\000o\000d\000u\000c\000t\000i\000o\000n}{chapter.26}% 303
\BOOKMARK [1][-]{section.26.2}{\376\377\000T\000h\000e\000\040\000G\000r\000a\000v\000i\000t\000a\000t\000i\000o\000n\000a\000l\000\040\000S\000e\000c\000t\000o\000r}{chapter.26}% 304
\BOOKMARK [1][-]{section.26.3}{\376\377\000V\000a\000r\000i\000a\000t\000i\000o\000n\000\040\000o\000f\000\040\000t\000h\000e\000\040\000M\000e\000t\000r\000i\000c}{chapter.26}% 305
\BOOKMARK [1][-]{section.26.4}{\376\377\000R\000e\000c\000o\000v\000e\000r\000i\000n\000g\000\040\000E\000i\000n\000s\000t\000e\000i\000n\000'\000s\000\040\000E\000q\000u\000a\000t\000i\000o\000n\000s}{chapter.26}% 306
\BOOKMARK [1][-]{section.26.5}{\376\377\000I\000n\000t\000e\000r\000p\000r\000e\000t\000a\000t\000i\000o\000n\000\040\000o\000f\000\040\000t\000h\000e\000\040\000O\000r\000g\000a\000n\000i\000z\000a\000t\000i\000o\000n\000a\000l\000\040\000T\000e\000n\000s\000o\000r}{chapter.26}% 307
\BOOKMARK [1][-]{section.26.6}{\376\377\000C\000o\000n\000s\000e\000r\000v\000a\000t\000i\000o\000n\000\040\000L\000a\000w\000s}{chapter.26}% 308
\BOOKMARK [1][-]{section.26.7}{\376\377\000W\000e\000a\000k\000-\000F\000i\000e\000l\000d\000\040\000L\000i\000m\000i\000t}{chapter.26}% 309
\BOOKMARK [1][-]{section.26.8}{\376\377\000B\000l\000a\000c\000k\000\040\000H\000o\000l\000e\000s}{chapter.26}% 310
\BOOKMARK [1][-]{section.26.9}{\376\377\000G\000r\000a\000v\000i\000t\000a\000t\000i\000o\000n\000a\000l\000\040\000W\000a\000v\000e\000s}{chapter.26}% 311
\BOOKMARK [1][-]{section.26.10}{\376\377\000C\000o\000s\000m\000o\000l\000o\000g\000i\000c\000a\000l\000\040\000C\000o\000n\000s\000t\000a\000n\000t}{chapter.26}% 312
\BOOKMARK [1][-]{section.26.11}{\376\377\000C\000a\000n\000d\000i\000d\000a\000t\000e\000\040\000O\000b\000s\000e\000r\000v\000a\000t\000i\000o\000n\000a\000l\000\040\000S\000i\000g\000n\000a\000t\000u\000r\000e\000s}{chapter.26}% 313
\BOOKMARK [1][-]{section.26.12}{\376\377\000D\000i\000s\000c\000u\000s\000s\000i\000o\000n}{chapter.26}% 314
\BOOKMARK [0][-]{chapter.27}{\376\377\000Q\000u\000a\000n\000t\000u\000m\000\040\000F\000i\000e\000l\000d\000\040\000T\000h\000e\000o\000r\000y}{part.3}% 315
\BOOKMARK [1][-]{section.27.1}{\376\377\000I\000n\000t\000r\000o\000d\000u\000c\000t\000i\000o\000n}{chapter.27}% 316
\BOOKMARK [1][-]{section.27.2}{\376\377\000T\000h\000e\000\040\000C\000l\000a\000s\000s\000i\000c\000a\000l\000\040\000S\000t\000a\000r\000t\000i\000n\000g\000\040\000P\000o\000i\000n\000t}{chapter.27}% 317
\BOOKMARK [1][-]{section.27.3}{\376\377\000C\000o\000n\000f\000i\000g\000u\000r\000a\000t\000i\000o\000n\000\040\000S\000p\000a\000c\000e}{chapter.27}% 318
\BOOKMARK [1][-]{section.27.4}{\376\377\000L\000i\000n\000e\000a\000r\000i\000z\000a\000t\000i\000o\000n\000\040\000N\000e\000a\000r\000\040\000E\000q\000u\000i\000l\000i\000b\000r\000i\000u\000m}{chapter.27}% 319
\BOOKMARK [1][-]{section.27.5}{\376\377\000Q\000u\000a\000n\000t\000i\000z\000a\000t\000i\000o\000n\000\040\000a\000s\000\040\000O\000r\000g\000a\000n\000i\000z\000a\000t\000i\000o\000n\000a\000l\000\040\000M\000o\000d\000e\000s}{chapter.27}% 320
\BOOKMARK [1][-]{section.27.6}{\376\377\000H\000i\000l\000b\000e\000r\000t\000\040\000S\000p\000a\000c\000e}{chapter.27}% 321
\BOOKMARK [1][-]{section.27.7}{\376\377\000U\000n\000i\000t\000a\000r\000y\000\040\000E\000v\000o\000l\000u\000t\000i\000o\000n}{chapter.27}% 322
\BOOKMARK [1][-]{section.27.8}{\376\377\000M\000e\000a\000s\000u\000r\000e\000m\000e\000n\000t}{chapter.27}% 323
\BOOKMARK [1][-]{section.27.9}{\376\377\000E\000n\000t\000a\000n\000g\000l\000e\000m\000e\000n\000t}{chapter.27}% 324
\BOOKMARK [1][-]{section.27.10}{\376\377\000V\000a\000c\000u\000u\000m\000\040\000S\000t\000r\000u\000c\000t\000u\000r\000e}{chapter.27}% 325
\BOOKMARK [1][-]{section.27.11}{\376\377\000O\000p\000e\000n\000\040\000P\000r\000o\000b\000l\000e\000m\000s}{chapter.27}% 326
\BOOKMARK [1][-]{section.27.12}{\376\377\000D\000i\000s\000c\000u\000s\000s\000i\000o\000n}{chapter.27}% 327
\BOOKMARK [0][-]{chapter.28}{\376\377\000C\000o\000s\000m\000o\000l\000o\000g\000y}{part.3}% 328
\BOOKMARK [1][-]{section.28.1}{\376\377\000I\000n\000t\000r\000o\000d\000u\000c\000t\000i\000o\000n}{chapter.28}% 329
\BOOKMARK [1][-]{section.28.2}{\376\377\000C\000o\000s\000m\000o\000l\000o\000g\000i\000c\000a\000l\000\040\000S\000y\000m\000m\000e\000t\000r\000y}{chapter.28}% 330
\BOOKMARK [1][-]{section.28.3}{\376\377\000C\000o\000s\000m\000o\000l\000o\000g\000i\000c\000a\000l\000\040\000F\000i\000e\000l\000d\000\040\000E\000q\000u\000a\000t\000i\000o\000n\000s}{chapter.28}% 331
\BOOKMARK [1][-]{section.28.4}{\376\377\000I\000n\000f\000l\000a\000t\000i\000o\000n}{chapter.28}% 332
\BOOKMARK [1][-]{section.28.5}{\376\377\000D\000a\000r\000k\000\040\000M\000a\000t\000t\000e\000r}{chapter.28}% 333
\BOOKMARK [1][-]{section.28.6}{\376\377\000D\000a\000r\000k\000\040\000E\000n\000e\000r\000g\000y}{chapter.28}% 334
\BOOKMARK [1][-]{section.28.7}{\376\377\000C\000o\000s\000m\000o\000l\000o\000g\000i\000c\000a\000l\000\040\000H\000o\000r\000i\000z\000o\000n\000s}{chapter.28}% 335
\BOOKMARK [1][-]{section.28.8}{\376\377\000S\000t\000r\000u\000c\000t\000u\000r\000e\000\040\000F\000o\000r\000m\000a\000t\000i\000o\000n}{chapter.28}% 336
\BOOKMARK [1][-]{section.28.9}{\376\377\000T\000h\000e\000\040\000A\000r\000r\000o\000w\000\040\000o\000f\000\040\000C\000o\000s\000m\000o\000l\000o\000g\000i\000c\000a\000l\000\040\000T\000i\000m\000e}{chapter.28}% 337
\BOOKMARK [1][-]{section.28.10}{\376\377\000T\000h\000e\000\040\000E\000a\000r\000l\000y\000\040\000U\000n\000i\000v\000e\000r\000s\000e}{chapter.28}% 338
\BOOKMARK [1][-]{section.28.11}{\376\377\000O\000b\000s\000e\000r\000v\000a\000t\000i\000o\000n\000a\000l\000\040\000C\000o\000n\000s\000e\000q\000u\000e\000n\000c\000e\000s}{chapter.28}% 339
\BOOKMARK [1][-]{section.28.12}{\376\377\000D\000i\000s\000c\000u\000s\000s\000i\000o\000n}{chapter.28}% 340
\BOOKMARK [0][-]{chapter.29}{\376\377\000C\000o\000n\000d\000e\000n\000s\000e\000d\000\040\000M\000a\000t\000t\000e\000r}{part.3}% 341
\BOOKMARK [1][-]{section.29.1}{\376\377\000I\000n\000t\000r\000o\000d\000u\000c\000t\000i\000o\000n}{chapter.29}% 342
\BOOKMARK [1][-]{section.29.2}{\376\377\000O\000r\000g\000a\000n\000i\000z\000a\000t\000i\000o\000n\000\040\000R\000a\000t\000h\000e\000r\000\040\000T\000h\000a\000n\000\040\000C\000o\000n\000s\000t\000i\000t\000u\000e\000n\000t\000s}{chapter.29}% 343
\BOOKMARK [1][-]{section.29.3}{\376\377\000C\000r\000y\000s\000t\000a\000l\000l\000i\000n\000e\000\040\000O\000r\000g\000a\000n\000i\000z\000a\000t\000i\000o\000n}{chapter.29}% 344
\BOOKMARK [1][-]{section.29.4}{\376\377\000D\000e\000f\000e\000c\000t\000s}{chapter.29}% 345
\BOOKMARK [1][-]{section.29.5}{\376\377\000E\000l\000a\000s\000t\000i\000c\000i\000t\000y}{chapter.29}% 346
\BOOKMARK [1][-]{section.29.6}{\376\377\000S\000u\000p\000e\000r\000c\000o\000n\000d\000u\000c\000t\000i\000v\000i\000t\000y}{chapter.29}% 347
\BOOKMARK [1][-]{section.29.7}{\376\377\000T\000o\000p\000o\000l\000o\000g\000i\000c\000a\000l\000\040\000P\000h\000a\000s\000e\000s}{chapter.29}% 348
\BOOKMARK [1][-]{section.29.8}{\376\377\000Q\000u\000a\000s\000i\000c\000r\000y\000s\000t\000a\000l\000s}{chapter.29}% 349
\BOOKMARK [1][-]{section.29.9}{\376\377\000O\000r\000g\000a\000n\000i\000z\000a\000t\000i\000o\000n\000a\000l\000\040\000T\000o\000p\000o\000l\000o\000g\000y}{chapter.29}% 350
\BOOKMARK [1][-]{section.29.10}{\376\377\000P\000h\000a\000s\000e\000\040\000T\000r\000a\000n\000s\000i\000t\000i\000o\000n\000s}{chapter.29}% 351
\BOOKMARK [1][-]{section.29.11}{\376\377\000N\000o\000n\000e\000q\000u\000i\000l\000i\000b\000r\000i\000u\000m\000\040\000M\000a\000t\000e\000r\000i\000a\000l\000s}{chapter.29}% 352
\BOOKMARK [1][-]{section.29.12}{\376\377\000E\000x\000p\000e\000r\000i\000m\000e\000n\000t\000a\000l\000\040\000C\000o\000n\000s\000e\000q\000u\000e\000n\000c\000e\000s}{chapter.29}% 353
\BOOKMARK [1][-]{section.29.13}{\376\377\000D\000i\000s\000c\000u\000s\000s\000i\000o\000n}{chapter.29}% 354
\BOOKMARK [0][-]{chapter.30}{\376\377\000T\000h\000e\000r\000m\000o\000d\000y\000n\000a\000m\000i\000c\000s}{part.3}% 355
\BOOKMARK [1][-]{section.30.1}{\376\377\000I\000n\000t\000r\000o\000d\000u\000c\000t\000i\000o\000n}{chapter.30}% 356
\BOOKMARK [1][-]{section.30.2}{\376\377\000E\000n\000e\000r\000g\000y\000\040\000a\000n\000d\000\040\000O\000r\000g\000a\000n\000i\000z\000a\000t\000i\000o\000n}{chapter.30}% 357
\BOOKMARK [1][-]{section.30.3}{\376\377\000E\000n\000t\000r\000o\000p\000y}{chapter.30}% 358
\BOOKMARK [1][-]{section.30.4}{\376\377\000T\000h\000e\000\040\000S\000e\000c\000o\000n\000d\000\040\000L\000a\000w}{chapter.30}% 359
\BOOKMARK [1][-]{section.30.5}{\376\377\000E\000q\000u\000i\000l\000i\000b\000r\000i\000u\000m}{chapter.30}% 360
\BOOKMARK [1][-]{section.30.6}{\376\377\000N\000o\000n\000e\000q\000u\000i\000l\000i\000b\000r\000i\000u\000m\000\040\000S\000y\000s\000t\000e\000m\000s}{chapter.30}% 361
\BOOKMARK [1][-]{section.30.7}{\376\377\000I\000r\000r\000e\000v\000e\000r\000s\000i\000b\000i\000l\000i\000t\000y}{chapter.30}% 362
\BOOKMARK [1][-]{section.30.8}{\376\377\000I\000n\000f\000o\000r\000m\000a\000t\000i\000o\000n}{chapter.30}% 363
\BOOKMARK [1][-]{section.30.9}{\376\377\000B\000i\000o\000l\000o\000g\000i\000c\000a\000l\000\040\000T\000h\000e\000r\000m\000o\000d\000y\000n\000a\000m\000i\000c\000s}{chapter.30}% 364
\BOOKMARK [1][-]{section.30.10}{\376\377\000M\000a\000x\000i\000m\000u\000m\000\040\000E\000n\000t\000r\000o\000p\000y\000\040\000a\000n\000d\000\040\000A\000d\000m\000i\000s\000s\000i\000b\000i\000l\000i\000t\000y}{chapter.30}% 365
\BOOKMARK [1][-]{section.30.11}{\376\377\000T\000h\000e\000\040\000A\000r\000r\000o\000w\000\040\000o\000f\000\040\000T\000i\000m\000e}{chapter.30}% 366
\BOOKMARK [1][-]{section.30.12}{\376\377\000D\000i\000s\000c\000u\000s\000s\000i\000o\000n}{chapter.30}% 367
\BOOKMARK [-1][-]{part.4}{\376\377\000I\000V\000\040\000O\000r\000g\000a\000n\000i\000z\000a\000t\000i\000o\000n\000\040\000B\000e\000y\000o\000n\000d\000\040\000P\000h\000y\000s\000i\000c\000s}{}% 368
\BOOKMARK [0][-]{chapter*.17}{\376\377\000O\000u\000t\000l\000i\000n\000e\000\040\000o\000f\000\040\000P\000a\000r\000t\000\040\000I\000V}{part.4}% 369
\BOOKMARK [0][-]{chapter.31}{\376\377\000B\000i\000o\000l\000o\000g\000i\000c\000a\000l\000\040\000O\000r\000g\000a\000n\000i\000z\000a\000t\000i\000o\000n}{part.4}% 370
\BOOKMARK [1][-]{section.31.1}{\376\377\000I\000n\000t\000r\000o\000d\000u\000c\000t\000i\000o\000n}{chapter.31}% 371
\BOOKMARK [1][-]{section.31.2}{\376\377\000L\000i\000v\000i\000n\000g\000\040\000S\000y\000s\000t\000e\000m\000s\000\040\000a\000s\000\040\000C\000o\000n\000t\000i\000n\000u\000i\000n\000g\000\040\000O\000r\000g\000a\000n\000i\000z\000a\000t\000i\000o\000n}{chapter.31}% 372
\BOOKMARK [1][-]{section.31.3}{\376\377\000H\000o\000m\000e\000o\000s\000t\000a\000s\000i\000s}{chapter.31}% 373
\BOOKMARK [1][-]{section.31.4}{\376\377\000P\000h\000y\000s\000i\000o\000l\000o\000g\000i\000c\000a\000l\000\040\000R\000e\000g\000u\000l\000a\000t\000i\000o\000n}{chapter.31}% 374
\BOOKMARK [1][-]{section.31.5}{\376\377\000D\000e\000v\000e\000l\000o\000p\000m\000e\000n\000t}{chapter.31}% 375
\BOOKMARK [1][-]{section.31.6}{\376\377\000E\000v\000o\000l\000u\000t\000i\000o\000n}{chapter.31}% 376
\BOOKMARK [1][-]{section.31.7}{\376\377\000T\000h\000e\000\040\000I\000m\000m\000u\000n\000e\000\040\000S\000y\000s\000t\000e\000m}{chapter.31}% 377
\BOOKMARK [1][-]{section.31.8}{\376\377\000M\000e\000m\000o\000r\000y\000\040\000i\000n\000\040\000B\000i\000o\000l\000o\000g\000i\000c\000a\000l\000\040\000S\000y\000s\000t\000e\000m\000s}{chapter.31}% 378
\BOOKMARK [1][-]{section.31.9}{\376\377\000A\000g\000i\000n\000g}{chapter.31}% 379
\BOOKMARK [1][-]{section.31.10}{\376\377\000D\000i\000s\000e\000a\000s\000e}{chapter.31}% 380
\BOOKMARK [1][-]{section.31.11}{\376\377\000H\000i\000e\000r\000a\000r\000c\000h\000i\000c\000a\000l\000\040\000R\000e\000p\000a\000i\000r}{chapter.31}% 381
\BOOKMARK [1][-]{section.31.12}{\376\377\000D\000i\000s\000c\000u\000s\000s\000i\000o\000n}{chapter.31}% 382
\BOOKMARK [0][-]{chapter.32}{\376\377\000C\000o\000g\000n\000i\000t\000i\000o\000n}{part.4}% 383
\BOOKMARK [1][-]{section.32.1}{\376\377\000I\000n\000t\000r\000o\000d\000u\000c\000t\000i\000o\000n}{chapter.32}% 384
\BOOKMARK [1][-]{section.32.2}{\376\377\000T\000h\000e\000\040\000C\000o\000g\000n\000i\000t\000i\000v\000e\000\040\000S\000y\000s\000t\000e\000m\000\040\000a\000s\000\040\000a\000n\000\040\000A\000d\000m\000i\000s\000s\000i\000b\000l\000e\000\040\000D\000y\000n\000a\000m\000i\000c\000a\000l\000\040\000S\000y\000s\000t\000e\000m}{chapter.32}% 385
\BOOKMARK [1][-]{section.32.3}{\376\377\000I\000n\000t\000e\000r\000n\000a\000l\000\040\000M\000o\000d\000e\000l\000s}{chapter.32}% 386
\BOOKMARK [1][-]{section.32.4}{\376\377\000P\000r\000e\000d\000i\000c\000t\000i\000v\000e\000\040\000P\000r\000o\000c\000e\000s\000s\000i\000n\000g}{chapter.32}% 387
\BOOKMARK [1][-]{section.32.5}{\376\377\000T\000h\000e\000\040\000D\000i\000a\000g\000n\000o\000s\000t\000i\000c\000\040\000B\000o\000u\000n\000d\000a\000r\000y}{chapter.32}% 388
\BOOKMARK [1][-]{section.32.6}{\376\377\000A\000t\000t\000e\000n\000t\000i\000o\000n}{chapter.32}% 389
\BOOKMARK [1][-]{section.32.7}{\376\377\000M\000e\000m\000o\000r\000y}{chapter.32}% 390
\BOOKMARK [1][-]{section.32.8}{\376\377\000L\000e\000a\000r\000n\000i\000n\000g}{chapter.32}% 391
\BOOKMARK [1][-]{section.32.9}{\376\377\000C\000o\000n\000c\000e\000p\000t\000\040\000F\000o\000r\000m\000a\000t\000i\000o\000n}{chapter.32}% 392
\BOOKMARK [1][-]{section.32.10}{\376\377\000A\000c\000t\000i\000o\000n}{chapter.32}% 393
\BOOKMARK [1][-]{section.32.11}{\376\377\000C\000o\000n\000s\000c\000i\000o\000u\000s\000n\000e\000s\000s}{chapter.32}% 394
\BOOKMARK [1][-]{section.32.12}{\376\377\000P\000r\000e\000d\000i\000c\000t\000i\000v\000e\000\040\000F\000a\000i\000l\000u\000r\000e}{chapter.32}% 395
\BOOKMARK [1][-]{section.32.13}{\376\377\000C\000o\000m\000p\000a\000r\000i\000s\000o\000n\000\040\000w\000i\000t\000h\000\040\000E\000x\000i\000s\000t\000i\000n\000g\000\040\000F\000r\000a\000m\000e\000w\000o\000r\000k\000s}{chapter.32}% 396
\BOOKMARK [1][-]{section.32.14}{\376\377\000D\000i\000s\000c\000u\000s\000s\000i\000o\000n}{chapter.32}% 397
\BOOKMARK [0][-]{chapter.33}{\376\377\000A\000r\000t\000i\000f\000i\000c\000i\000a\000l\000\040\000I\000n\000t\000e\000l\000l\000i\000g\000e\000n\000c\000e}{part.4}% 398
\BOOKMARK [1][-]{section.33.1}{\376\377\000I\000n\000t\000r\000o\000d\000u\000c\000t\000i\000o\000n}{chapter.33}% 399
\BOOKMARK [1][-]{section.33.2}{\376\377\000L\000e\000a\000r\000n\000i\000n\000g\000\040\000a\000s\000\040\000O\000r\000g\000a\000n\000i\000z\000a\000t\000i\000o\000n\000a\000l\000\040\000C\000o\000n\000s\000t\000r\000u\000c\000t\000i\000o\000n}{chapter.33}% 400
\BOOKMARK [1][-]{section.33.3}{\376\377\000L\000a\000t\000e\000n\000t\000\040\000S\000p\000a\000c\000e\000s}{chapter.33}% 401
\BOOKMARK [1][-]{section.33.4}{\376\377\000E\000m\000b\000e\000d\000d\000i\000n\000g\000s}{chapter.33}% 402
\BOOKMARK [1][-]{section.33.5}{\376\377\000T\000r\000a\000n\000s\000f\000o\000r\000m\000e\000r\000s}{chapter.33}% 403
\BOOKMARK [1][-]{section.33.6}{\376\377\000A\000t\000t\000e\000n\000t\000i\000o\000n}{chapter.33}% 404
\BOOKMARK [1][-]{section.33.7}{\376\377\000P\000r\000e\000d\000i\000c\000t\000i\000o\000n}{chapter.33}% 405
\BOOKMARK [1][-]{section.33.8}{\376\377\000H\000a\000l\000l\000u\000c\000i\000n\000a\000t\000i\000o\000n}{chapter.33}% 406
\BOOKMARK [1][-]{section.33.9}{\376\377\000D\000i\000s\000t\000r\000i\000b\000u\000t\000i\000o\000n\000\040\000S\000h\000i\000f\000t}{chapter.33}% 407
\BOOKMARK [1][-]{section.33.10}{\376\377\000E\000x\000t\000e\000r\000n\000a\000l\000\040\000M\000e\000m\000o\000r\000y}{chapter.33}% 408
\BOOKMARK [1][-]{section.33.11}{\376\377\000R\000e\000a\000s\000o\000n\000i\000n\000g}{chapter.33}% 409
\BOOKMARK [1][-]{section.33.12}{\376\377\000A\000l\000i\000g\000n\000m\000e\000n\000t}{chapter.33}% 410
\BOOKMARK [1][-]{section.33.13}{\376\377\000R\000e\000c\000u\000r\000s\000i\000v\000e\000\040\000S\000e\000l\000f\000-\000I\000m\000p\000r\000o\000v\000e\000m\000e\000n\000t}{chapter.33}% 411
\BOOKMARK [1][-]{section.33.14}{\376\377\000A\000r\000t\000i\000f\000i\000c\000i\000a\000l\000\040\000G\000e\000n\000e\000r\000a\000l\000\040\000I\000n\000t\000e\000l\000l\000i\000g\000e\000n\000c\000e}{chapter.33}% 412
\BOOKMARK [1][-]{section.33.15}{\376\377\000C\000o\000m\000p\000a\000r\000i\000s\000o\000n\000\040\000w\000i\000t\000h\000\040\000E\000x\000i\000s\000t\000i\000n\000g\000\040\000M\000a\000c\000h\000i\000n\000e\000\040\000L\000e\000a\000r\000n\000i\000n\000g\000\040\000T\000h\000e\000o\000r\000y}{chapter.33}% 413
\BOOKMARK [1][-]{section.33.16}{\376\377\000D\000i\000s\000c\000u\000s\000s\000i\000o\000n}{chapter.33}% 414
\BOOKMARK [0][-]{chapter.34}{\376\377\000C\000o\000m\000p\000u\000t\000a\000t\000i\000o\000n}{part.4}% 415
\BOOKMARK [1][-]{section.34.1}{\376\377\000I\000n\000t\000r\000o\000d\000u\000c\000t\000i\000o\000n}{chapter.34}% 416
\BOOKMARK [1][-]{section.34.2}{\376\377\000P\000r\000o\000g\000r\000a\000m\000s\000\040\000a\000s\000\040\000O\000r\000g\000a\000n\000i\000z\000a\000t\000i\000o\000n\000a\000l\000\040\000P\000r\000o\000c\000e\000s\000s\000e\000s}{chapter.34}% 417
\BOOKMARK [1][-]{section.34.3}{\376\377\000C\000o\000m\000p\000u\000t\000a\000t\000i\000o\000n\000a\000l\000\040\000A\000d\000m\000i\000s\000s\000i\000b\000i\000l\000i\000t\000y}{chapter.34}% 418
\BOOKMARK [1][-]{section.34.4}{\376\377\000P\000r\000o\000g\000r\000a\000m\000m\000i\000n\000g\000\040\000L\000a\000n\000g\000u\000a\000g\000e\000s}{chapter.34}% 419
\BOOKMARK [1][-]{section.34.5}{\376\377\000T\000y\000p\000e\000\040\000S\000y\000s\000t\000e\000m\000s}{chapter.34}% 420
\BOOKMARK [1][-]{section.34.6}{\376\377\000O\000w\000n\000e\000r\000s\000h\000i\000p\000\040\000a\000n\000d\000\040\000B\000o\000r\000r\000o\000w\000i\000n\000g}{chapter.34}% 421
\BOOKMARK [1][-]{section.34.7}{\376\377\000C\000o\000m\000p\000i\000l\000a\000t\000i\000o\000n}{chapter.34}% 422
\BOOKMARK [1][-]{section.34.8}{\376\377\000E\000x\000c\000e\000p\000t\000i\000o\000n\000s}{chapter.34}% 423
\BOOKMARK [1][-]{section.34.9}{\376\377\000R\000e\000f\000u\000s\000a\000l}{chapter.34}% 424
\BOOKMARK [1][-]{section.34.10}{\376\377\000G\000a\000r\000b\000a\000g\000e\000\040\000C\000o\000l\000l\000e\000c\000t\000i\000o\000n}{chapter.34}% 425
\BOOKMARK [1][-]{section.34.11}{\376\377\000O\000p\000e\000r\000a\000t\000i\000n\000g\000\040\000S\000y\000s\000t\000e\000m\000s}{chapter.34}% 426
\BOOKMARK [1][-]{section.34.12}{\376\377\000C\000o\000n\000c\000u\000r\000r\000e\000n\000c\000y}{chapter.34}% 427
\BOOKMARK [1][-]{section.34.13}{\376\377\000D\000i\000s\000t\000r\000i\000b\000u\000t\000e\000d\000\040\000S\000y\000s\000t\000e\000m\000s}{chapter.34}% 428
\BOOKMARK [1][-]{section.34.14}{\376\377\000F\000l\000o\000w\000\040\000C\000o\000m\000p\000u\000t\000i\000n\000g}{chapter.34}% 429
\BOOKMARK [1][-]{section.34.15}{\376\377\000S\000p\000h\000e\000r\000e\000p\000o\000p}{chapter.34}% 430
\BOOKMARK [1][-]{section.34.16}{\376\377\000V\000e\000r\000i\000f\000i\000c\000a\000t\000i\000o\000n}{chapter.34}% 431
\BOOKMARK [1][-]{section.34.17}{\376\377\000D\000i\000s\000c\000u\000s\000s\000i\000o\000n}{chapter.34}% 432
\BOOKMARK [0][-]{chapter.35}{\376\377\000E\000c\000o\000n\000o\000m\000i\000c\000\040\000O\000r\000g\000a\000n\000i\000z\000a\000t\000i\000o\000n}{part.4}% 433
\BOOKMARK [1][-]{section.35.1}{\376\377\000I\000n\000t\000r\000o\000d\000u\000c\000t\000i\000o\000n}{chapter.35}% 434
\BOOKMARK [1][-]{section.35.2}{\376\377\000E\000c\000o\000n\000o\000m\000i\000c\000\040\000S\000y\000s\000t\000e\000m\000s\000\040\000a\000s\000\040\000O\000r\000g\000a\000n\000i\000z\000a\000t\000i\000o\000n\000a\000l\000\040\000N\000e\000t\000w\000o\000r\000k\000s}{chapter.35}% 435
\BOOKMARK [1][-]{section.35.3}{\376\377\000P\000r\000e\000f\000e\000r\000e\000n\000c\000e\000\040\000a\000s\000\040\000R\000e\000a\000c\000h\000a\000b\000i\000l\000i\000t\000y}{chapter.35}% 436
\BOOKMARK [1][-]{section.35.4}{\376\377\000M\000a\000r\000k\000e\000t\000s}{chapter.35}% 437
\BOOKMARK [1][-]{section.35.5}{\376\377\000P\000r\000o\000d\000u\000c\000t\000i\000o\000n}{chapter.35}% 438
\BOOKMARK [1][-]{section.35.6}{\376\377\000I\000n\000s\000t\000i\000t\000u\000t\000i\000o\000n\000s}{chapter.35}% 439
\BOOKMARK [1][-]{section.35.7}{\376\377\000M\000o\000n\000e\000y}{chapter.35}% 440
\BOOKMARK [1][-]{section.35.8}{\376\377\000F\000i\000s\000c\000a\000l\000\040\000R\000e\000a\000c\000h\000a\000b\000i\000l\000i\000t\000y}{chapter.35}% 441
\BOOKMARK [1][-]{section.35.9}{\376\377\000E\000c\000o\000n\000o\000m\000i\000c\000\040\000C\000r\000i\000s\000e\000s}{chapter.35}% 442
\BOOKMARK [1][-]{section.35.10}{\376\377\000I\000n\000n\000o\000v\000a\000t\000i\000o\000n}{chapter.35}% 443
\BOOKMARK [1][-]{section.35.11}{\376\377\000G\000l\000o\000b\000a\000l\000\040\000E\000c\000o\000n\000o\000m\000i\000c\000\040\000O\000r\000g\000a\000n\000i\000z\000a\000t\000i\000o\000n}{chapter.35}% 444
\BOOKMARK [1][-]{section.35.12}{\376\377\000C\000o\000m\000p\000a\000r\000i\000s\000o\000n\000\040\000w\000i\000t\000h\000\040\000E\000c\000o\000n\000o\000m\000i\000c\000\040\000T\000h\000e\000o\000r\000y}{chapter.35}% 445
\BOOKMARK [1][-]{section.35.13}{\376\377\000D\000i\000s\000c\000u\000s\000s\000i\000o\000n}{chapter.35}% 446
\BOOKMARK [0][-]{chapter.36}{\376\377\000S\000o\000c\000i\000a\000l\000\040\000S\000y\000s\000t\000e\000m\000s}{part.4}% 447
\BOOKMARK [1][-]{section.36.1}{\376\377\000I\000n\000t\000r\000o\000d\000u\000c\000t\000i\000o\000n}{chapter.36}% 448
\BOOKMARK [1][-]{section.36.2}{\376\377\000S\000o\000c\000i\000e\000t\000y\000\040\000a\000s\000\040\000O\000r\000g\000a\000n\000i\000z\000a\000t\000i\000o\000n\000a\000l\000\040\000C\000o\000n\000t\000i\000n\000u\000a\000t\000i\000o\000n}{chapter.36}% 449
\BOOKMARK [1][-]{section.36.3}{\376\377\000C\000o\000m\000m\000u\000n\000i\000c\000a\000t\000i\000o\000n}{chapter.36}% 450
\BOOKMARK [1][-]{section.36.4}{\376\377\000L\000a\000n\000g\000u\000a\000g\000e}{chapter.36}% 451
\BOOKMARK [1][-]{section.36.5}{\376\377\000C\000u\000l\000t\000u\000r\000e}{chapter.36}% 452
\BOOKMARK [1][-]{section.36.6}{\376\377\000N\000o\000r\000m\000s}{chapter.36}% 453
\BOOKMARK [1][-]{section.36.7}{\376\377\000I\000n\000s\000t\000i\000t\000u\000t\000i\000o\000n\000s}{chapter.36}% 454
\BOOKMARK [1][-]{section.36.8}{\376\377\000S\000c\000i\000e\000n\000c\000e}{chapter.36}% 455
\BOOKMARK [1][-]{section.36.9}{\376\377\000T\000e\000c\000h\000n\000o\000l\000o\000g\000y}{chapter.36}% 456
\BOOKMARK [1][-]{section.36.10}{\376\377\000C\000o\000n\000f\000l\000i\000c\000t}{chapter.36}% 457
\BOOKMARK [1][-]{section.36.11}{\376\377\000C\000i\000v\000i\000l\000i\000z\000a\000t\000i\000o\000n\000s}{chapter.36}% 458
\BOOKMARK [1][-]{section.36.12}{\376\377\000D\000i\000g\000i\000t\000a\000l\000\040\000S\000o\000c\000i\000e\000t\000y}{chapter.36}% 459
\BOOKMARK [1][-]{section.36.13}{\376\377\000E\000t\000h\000i\000c\000s}{chapter.36}% 460
\BOOKMARK [1][-]{section.36.14}{\376\377\000T\000h\000e\000\040\000E\000c\000o\000l\000o\000g\000y\000\040\000o\000f\000\040\000D\000i\000s\000t\000i\000n\000c\000t\000i\000o\000n\000s}{chapter.36}% 461
\BOOKMARK [1][-]{section.36.15}{\376\377\000D\000i\000s\000c\000u\000s\000s\000i\000o\000n}{chapter.36}% 462
\BOOKMARK [-1][-]{part.5}{\376\377\000V\000\040\000P\000h\000i\000l\000o\000s\000o\000p\000h\000y\000\040\000a\000n\000d\000\040\000F\000u\000t\000u\000r\000e\000\040\000W\000o\000r\000k}{}% 463
\BOOKMARK [0][-]{chapter.37}{\376\377\000O\000n\000t\000o\000l\000o\000g\000y}{part.5}% 464
\BOOKMARK [1][-]{section.37.1}{\376\377\000I\000n\000t\000r\000o\000d\000u\000c\000t\000i\000o\000n}{chapter.37}% 465
\BOOKMARK [1][-]{section.37.2}{\376\377\000F\000r\000o\000m\000\040\000S\000u\000b\000s\000t\000a\000n\000c\000e\000\040\000t\000o\000\040\000C\000o\000n\000t\000i\000n\000u\000a\000t\000i\000o\000n}{chapter.37}% 466
\BOOKMARK [1][-]{section.37.3}{\376\377\000O\000b\000j\000e\000c\000t\000s\000\040\000a\000s\000\040\000O\000r\000g\000a\000n\000i\000z\000a\000t\000i\000o\000n\000a\000l\000\040\000T\000r\000a\000j\000e\000c\000t\000o\000r\000i\000e\000s}{chapter.37}% 467
\BOOKMARK [1][-]{section.37.4}{\376\377\000R\000e\000p\000a\000i\000r\000\040\000a\000s\000\040\000a\000n\000\040\000O\000n\000t\000o\000l\000o\000g\000i\000c\000a\000l\000\040\000C\000r\000i\000t\000e\000r\000i\000o\000n}{chapter.37}% 468
\BOOKMARK [1][-]{section.37.5}{\376\377\000A\000d\000m\000i\000s\000s\000i\000b\000i\000l\000i\000t\000y\000\040\000a\000n\000d\000\040\000E\000x\000i\000s\000t\000e\000n\000c\000e}{chapter.37}% 469
\BOOKMARK [1][-]{section.37.6}{\376\377\000I\000d\000e\000n\000t\000i\000t\000y\000\040\000T\000h\000r\000o\000u\000g\000h\000\040\000R\000e\000p\000l\000a\000c\000e\000m\000e\000n\000t}{chapter.37}% 470
\BOOKMARK [1][-]{section.37.7}{\376\377\000S\000t\000r\000u\000c\000t\000u\000r\000a\000l\000\040\000R\000e\000a\000l\000i\000s\000m}{chapter.37}% 471
\BOOKMARK [1][-]{section.37.8}{\376\377\000P\000r\000o\000c\000e\000s\000s\000\040\000P\000h\000i\000l\000o\000s\000o\000p\000h\000y}{chapter.37}% 472
\BOOKMARK [1][-]{section.37.9}{\376\377\000R\000e\000a\000c\000h\000a\000b\000i\000l\000i\000t\000y\000\040\000O\000n\000t\000o\000l\000o\000g\000y}{chapter.37}% 473
\BOOKMARK [1][-]{section.37.10}{\376\377\000D\000i\000s\000t\000i\000n\000c\000t\000i\000o\000n\000\040\000B\000e\000f\000o\000r\000e\000\040\000R\000e\000p\000r\000e\000s\000e\000n\000t\000a\000t\000i\000o\000n}{chapter.37}% 474
\BOOKMARK [1][-]{section.37.11}{\376\377\000T\000h\000e\000\040\000O\000n\000t\000o\000l\000o\000g\000y\000\040\000o\000f\000\040\000B\000o\000u\000n\000d\000a\000r\000i\000e\000s}{chapter.37}% 475
\BOOKMARK [1][-]{section.37.12}{\376\377\000P\000e\000r\000s\000i\000s\000t\000e\000n\000c\000e}{chapter.37}% 476
\BOOKMARK [1][-]{section.37.13}{\376\377\000D\000i\000s\000c\000u\000s\000s\000i\000o\000n}{chapter.37}% 477
\BOOKMARK [0][-]{chapter.38}{\376\377\000E\000p\000i\000s\000t\000e\000m\000o\000l\000o\000g\000y}{part.5}% 478
\BOOKMARK [1][-]{section.38.1}{\376\377\000I\000n\000t\000r\000o\000d\000u\000c\000t\000i\000o\000n}{chapter.38}% 479
\BOOKMARK [1][-]{section.38.2}{\376\377\000E\000m\000b\000e\000d\000d\000e\000d\000\040\000O\000b\000s\000e\000r\000v\000a\000t\000i\000o\000n}{chapter.38}% 480
\BOOKMARK [1][-]{section.38.3}{\376\377\000D\000i\000a\000g\000n\000o\000s\000t\000i\000c\000\040\000C\000o\000o\000r\000d\000i\000n\000a\000t\000e\000s}{chapter.38}% 481
\BOOKMARK [1][-]{section.38.4}{\376\377\000T\000h\000e\000\040\000D\000i\000a\000g\000n\000o\000s\000t\000i\000c\000\040\000B\000o\000u\000n\000d\000a\000r\000y}{chapter.38}% 482
\BOOKMARK [1][-]{section.38.5}{\376\377\000S\000c\000i\000e\000n\000t\000i\000f\000i\000c\000\040\000M\000o\000d\000e\000l\000s}{chapter.38}% 483
\BOOKMARK [1][-]{section.38.6}{\376\377\000R\000e\000c\000o\000v\000e\000r\000i\000n\000g\000\040\000C\000l\000a\000s\000s\000i\000c\000a\000l\000\040\000T\000h\000e\000o\000r\000i\000e\000s}{chapter.38}% 484
\BOOKMARK [1][-]{section.38.7}{\376\377\000O\000b\000s\000e\000r\000v\000a\000t\000i\000o\000n\000\040\000a\000s\000\040\000C\000o\000m\000p\000r\000e\000s\000s\000i\000o\000n}{chapter.38}% 485
\BOOKMARK [1][-]{section.38.8}{\376\377\000P\000r\000e\000d\000i\000c\000t\000i\000o\000n}{chapter.38}% 486
\BOOKMARK [1][-]{section.38.9}{\376\377\000B\000a\000y\000e\000s\000i\000a\000n\000\040\000R\000e\000p\000a\000i\000r}{chapter.38}% 487
\BOOKMARK [1][-]{section.38.10}{\376\377\000T\000h\000e\000\040\000L\000i\000m\000i\000t\000s\000\040\000o\000f\000\040\000K\000n\000o\000w\000l\000e\000d\000g\000e}{chapter.38}% 488
\BOOKMARK [1][-]{section.38.11}{\376\377\000O\000b\000j\000e\000c\000t\000i\000v\000i\000t\000y}{chapter.38}% 489
\BOOKMARK [1][-]{section.38.12}{\376\377\000M\000e\000a\000s\000u\000r\000e\000m\000e\000n\000t}{chapter.38}% 490
\BOOKMARK [1][-]{section.38.13}{\376\377\000S\000c\000i\000e\000n\000t\000i\000f\000i\000c\000\040\000P\000r\000o\000g\000r\000e\000s\000s}{chapter.38}% 491
\BOOKMARK [1][-]{section.38.14}{\376\377\000D\000i\000s\000c\000u\000s\000s\000i\000o\000n}{chapter.38}% 492
\BOOKMARK [0][-]{chapter.39}{\376\377\000C\000o\000m\000p\000a\000r\000i\000s\000o\000n\000\040\000w\000i\000t\000h\000\040\000E\000x\000i\000s\000t\000i\000n\000g\000\040\000F\000r\000a\000m\000e\000w\000o\000r\000k\000s}{part.5}% 493
\BOOKMARK [1][-]{section.39.1}{\376\377\000I\000n\000t\000r\000o\000d\000u\000c\000t\000i\000o\000n}{chapter.39}% 494
\BOOKMARK [1][-]{section.39.2}{\376\377\000N\000e\000w\000t\000o\000n\000i\000a\000n\000\040\000M\000e\000c\000h\000a\000n\000i\000c\000s}{chapter.39}% 495
\BOOKMARK [1][-]{section.39.3}{\376\377\000G\000e\000n\000e\000r\000a\000l\000\040\000R\000e\000l\000a\000t\000i\000v\000i\000t\000y}{chapter.39}% 496
\BOOKMARK [1][-]{section.39.4}{\376\377\000Q\000u\000a\000n\000t\000u\000m\000\040\000T\000h\000e\000o\000r\000y}{chapter.39}% 497
\BOOKMARK [1][-]{section.39.5}{\376\377\000P\000r\000o\000c\000e\000s\000s\000\040\000P\000h\000i\000l\000o\000s\000o\000p\000h\000y}{chapter.39}% 498
\BOOKMARK [1][-]{section.39.6}{\376\377\000S\000t\000r\000u\000c\000t\000u\000r\000a\000l\000\040\000R\000e\000a\000l\000i\000s\000m}{chapter.39}% 499
\BOOKMARK [1][-]{section.39.7}{\376\377\000P\000r\000e\000d\000i\000c\000t\000i\000v\000e\000\040\000P\000r\000o\000c\000e\000s\000s\000i\000n\000g\000\040\000a\000n\000d\000\040\000A\000c\000t\000i\000v\000e\000\040\000I\000n\000f\000e\000r\000e\000n\000c\000e}{chapter.39}% 500
\BOOKMARK [1][-]{section.39.8}{\376\377\000C\000a\000t\000e\000g\000o\000r\000y\000\040\000T\000h\000e\000o\000r\000y}{chapter.39}% 501
\BOOKMARK [1][-]{section.39.9}{\376\377\000S\000y\000s\000t\000e\000m\000s\000\040\000T\000h\000e\000o\000r\000y}{chapter.39}% 502
\BOOKMARK [1][-]{section.39.10}{\376\377\000S\000c\000o\000p\000e\000\040\000o\000f\000\040\000t\000h\000e\000\040\000F\000r\000a\000m\000e\000w\000o\000r\000k}{chapter.39}% 503
\BOOKMARK [1][-]{section.39.11}{\376\377\000S\000u\000m\000m\000a\000r\000y}{chapter.39}% 504
\BOOKMARK [0][-]{chapter.40}{\376\377\000O\000p\000e\000n\000\040\000P\000r\000o\000b\000l\000e\000m\000s\000\040\000a\000n\000d\000\040\000F\000u\000t\000u\000r\000e\000\040\000D\000i\000r\000e\000c\000t\000i\000o\000n\000s}{part.5}% 505
\BOOKMARK [1][-]{section.40.1}{\376\377\000I\000n\000t\000r\000o\000d\000u\000c\000t\000i\000o\000n}{chapter.40}% 506
\BOOKMARK [1][-]{section.40.2}{\376\377\000M\000a\000t\000h\000e\000m\000a\000t\000i\000c\000a\000l\000\040\000P\000r\000o\000b\000l\000e\000m\000s}{chapter.40}% 507
\BOOKMARK [1][-]{section.40.3}{\376\377\000T\000h\000e\000\040\000F\000u\000n\000d\000a\000m\000e\000n\000t\000a\000l\000\040\000C\000o\000n\000t\000i\000n\000u\000a\000t\000i\000o\000n\000\040\000T\000h\000e\000o\000r\000e\000m}{chapter.40}% 508
\BOOKMARK [1][-]{section.40.4}{\376\377\000I\000n\000t\000e\000r\000n\000a\000l\000\040\000D\000e\000v\000e\000l\000o\000p\000m\000e\000n\000t\000\040\000o\000f\000\040\000A\000d\000m}{chapter.40}% 509
\BOOKMARK [1][-]{section.40.5}{\376\377\000V\000a\000r\000i\000a\000t\000i\000o\000n\000a\000l\000\040\000R\000e\000p\000a\000i\000r}{chapter.40}% 510
\BOOKMARK [1][-]{section.40.6}{\376\377\000T\000o\000p\000o\000l\000o\000g\000y\000\040\000a\000n\000d\000\040\000O\000r\000g\000a\000n\000i\000z\000a\000t\000i\000o\000n\000a\000l\000\040\000G\000e\000o\000m\000e\000t\000r\000y}{chapter.40}% 511
\BOOKMARK [1][-]{section.40.7}{\376\377\000P\000h\000y\000s\000i\000c\000a\000l\000\040\000P\000r\000o\000b\000l\000e\000m\000s}{chapter.40}% 512
\BOOKMARK [1][-]{section.40.8}{\376\377\000Q\000u\000a\000n\000t\000u\000m\000\040\000F\000o\000u\000n\000d\000a\000t\000i\000o\000n\000s}{chapter.40}% 513
\BOOKMARK [1][-]{section.40.9}{\376\377\000C\000o\000s\000m\000o\000l\000o\000g\000y}{chapter.40}% 514
\BOOKMARK [1][-]{section.40.10}{\376\377\000O\000b\000s\000e\000r\000v\000a\000t\000i\000o\000n\000a\000l\000\040\000S\000i\000g\000n\000a\000t\000u\000r\000e\000s}{chapter.40}% 515
\BOOKMARK [1][-]{section.40.11}{\376\377\000O\000r\000g\000a\000n\000i\000z\000a\000t\000i\000o\000n\000a\000l\000\040\000P\000r\000o\000b\000l\000e\000m\000s}{chapter.40}% 516
\BOOKMARK [1][-]{section.40.12}{\376\377\000C\000o\000n\000s\000c\000i\000o\000u\000s\000n\000e\000s\000s}{chapter.40}% 517
\BOOKMARK [1][-]{section.40.13}{\376\377\000A\000r\000t\000i\000f\000i\000c\000i\000a\000l\000\040\000I\000n\000t\000e\000l\000l\000i\000g\000e\000n\000c\000e}{chapter.40}% 518
\BOOKMARK [1][-]{section.40.14}{\376\377\000E\000c\000o\000n\000o\000m\000i\000c\000\040\000O\000r\000g\000a\000n\000i\000z\000a\000t\000i\000o\000n}{chapter.40}% 519
\BOOKMARK [1][-]{section.40.15}{\376\377\000S\000o\000c\000i\000a\000l\000\040\000S\000y\000s\000t\000e\000m\000s}{chapter.40}% 520
\BOOKMARK [1][-]{section.40.16}{\376\377\000E\000m\000p\000i\000r\000i\000c\000a\000l\000\040\000D\000i\000s\000c\000i\000p\000l\000i\000n\000e}{chapter.40}% 521
\BOOKMARK [1][-]{section.40.17}{\376\377\000F\000a\000l\000s\000i\000f\000i\000a\000b\000i\000l\000i\000t\000y}{chapter.40}% 522
\BOOKMARK [1][-]{section.40.18}{\376\377\000T\000h\000e\000\040\000F\000u\000t\000u\000r\000e\000\040\000o\000f\000\040\000t\000h\000e\000\040\000R\000e\000s\000e\000a\000r\000c\000h\000\040\000P\000r\000o\000g\000r\000a\000m}{chapter.40}% 523
\BOOKMARK [1][-]{section.40.19}{\376\377\000C\000o\000n\000c\000l\000u\000s\000i\000o\000n}{chapter.40}% 524
\BOOKMARK [0][-]{chapter*.26}{\376\377\000E\000p\000i\000l\000o\000g\000u\000e}{part.5}% 525
\BOOKMARK [0][-]{chapter*.27}{\376\377\000A\000\040\000N\000o\000t\000e\000\040\000o\000n\000\040\000t\000h\000e\000\040\000A\000p\000p\000e\000n\000d\000i\000c\000e\000s}{part.5}% 526
\BOOKMARK [0][-]{appendix.A}{\376\377\000T\000o\000p\000o\000l\000o\000g\000i\000c\000a\000l\000\040\000F\000o\000u\000n\000d\000a\000t\000i\000o\000n\000s}{part.5}% 527
\BOOKMARK [1][-]{section.A.1}{\376\377\000P\000u\000r\000p\000o\000s\000e}{appendix.A}% 528
\BOOKMARK [1][-]{section.A.2}{\376\377\000C\000o\000n\000f\000i\000g\000u\000r\000a\000t\000i\000o\000n\000\040\000S\000p\000a\000c\000e}{appendix.A}% 529
\BOOKMARK [1][-]{section.A.3}{\376\377\000T\000o\000p\000o\000l\000o\000g\000i\000c\000a\000l\000\040\000S\000t\000r\000u\000c\000t\000u\000r\000e}{appendix.A}% 530
\BOOKMARK [1][-]{section.A.4}{\376\377\000A\000d\000m\000i\000s\000s\000i\000b\000l\000e\000\040\000R\000e\000g\000i\000o\000n}{appendix.A}% 531
\BOOKMARK [1][-]{section.A.5}{\376\377\000B\000o\000u\000n\000d\000a\000r\000y}{appendix.A}% 532
\BOOKMARK [1][-]{section.A.6}{\376\377\000C\000o\000n\000t\000i\000n\000u\000a\000t\000i\000o\000n\000\040\000P\000a\000t\000h\000s}{appendix.A}% 533
\BOOKMARK [1][-]{section.A.7}{\376\377\000C\000o\000n\000n\000e\000c\000t\000e\000d\000\040\000C\000o\000m\000p\000o\000n\000e\000n\000t\000s}{appendix.A}% 534
\BOOKMARK [1][-]{section.A.8}{\376\377\000C\000o\000m\000p\000a\000c\000t\000n\000e\000s\000s}{appendix.A}% 535
\BOOKMARK [1][-]{section.A.9}{\376\377\000C\000l\000o\000s\000u\000r\000e}{appendix.A}% 536
\BOOKMARK [1][-]{section.A.10}{\376\377\000I\000n\000t\000e\000r\000i\000o\000r}{appendix.A}% 537
\BOOKMARK [1][-]{section.A.11}{\376\377\000N\000e\000i\000g\000h\000b\000o\000r\000h\000o\000o\000d\000s}{appendix.A}% 538
\BOOKMARK [1][-]{section.A.12}{\376\377\000O\000r\000g\000a\000n\000i\000z\000a\000t\000i\000o\000n\000a\000l\000\040\000D\000i\000s\000t\000a\000n\000c\000e}{appendix.A}% 539
\BOOKMARK [1][-]{section.A.13}{\376\377\000H\000o\000m\000e\000o\000m\000o\000r\000p\000h\000i\000s\000m}{appendix.A}% 540
\BOOKMARK [1][-]{section.A.14}{\376\377\000T\000o\000p\000o\000l\000o\000g\000i\000c\000a\000l\000\040\000I\000n\000v\000a\000r\000i\000a\000n\000t\000s}{appendix.A}% 541
\BOOKMARK [1][-]{section.A.15}{\376\377\000O\000r\000g\000a\000n\000i\000z\000a\000t\000i\000o\000n\000a\000l\000\040\000H\000o\000l\000e\000s}{appendix.A}% 542
\BOOKMARK [1][-]{section.A.16}{\376\377\000O\000r\000g\000a\000n\000i\000z\000a\000t\000i\000o\000n\000a\000l\000\040\000C\000u\000r\000v\000a\000t\000u\000r\000e}{appendix.A}% 543
\BOOKMARK [1][-]{section.A.17}{\376\377\000T\000o\000p\000o\000l\000o\000g\000i\000c\000a\000l\000\040\000S\000t\000a\000b\000i\000l\000i\000t\000y}{appendix.A}% 544
\BOOKMARK [1][-]{section.A.18}{\376\377\000D\000i\000s\000c\000u\000s\000s\000i\000o\000n}{appendix.A}% 545
\BOOKMARK [0][-]{appendix.B}{\376\377\000V\000a\000r\000i\000a\000t\000i\000o\000n\000a\000l\000\040\000F\000o\000r\000m\000a\000l\000i\000s\000m}{part.5}% 546
\BOOKMARK [1][-]{section.B.1}{\376\377\000P\000u\000r\000p\000o\000s\000e}{appendix.B}% 547
\BOOKMARK [1][-]{section.B.2}{\376\377\000T\000h\000e\000\040\000A\000c\000t\000i\000o\000n\000\040\000P\000r\000i\000n\000c\000i\000p\000l\000e}{appendix.B}% 548
\BOOKMARK [1][-]{section.B.3}{\376\377\000F\000i\000e\000l\000d\000\040\000C\000o\000n\000t\000e\000n\000t}{appendix.B}% 549
\BOOKMARK [1][-]{section.B.4}{\376\377\000G\000e\000n\000e\000r\000a\000l\000\040\000S\000t\000r\000u\000c\000t\000u\000r\000e\000\040\000o\000f\000\040\000t\000h\000e\000\040\000L\000a\000g\000r\000a\000n\000g\000i\000a\000n}{appendix.B}% 550
\BOOKMARK [1][-]{section.B.5}{\376\377\000S\000c\000a\000l\000a\000r\000\040\000S\000e\000c\000t\000o\000r}{appendix.B}% 551
\BOOKMARK [1][-]{section.B.6}{\376\377\000V\000e\000c\000t\000o\000r\000\040\000S\000e\000c\000t\000o\000r}{appendix.B}% 552
\BOOKMARK [1][-]{section.B.7}{\376\377\000E\000n\000t\000r\000o\000p\000y\000\040\000S\000e\000c\000t\000o\000r}{appendix.B}% 553
\BOOKMARK [1][-]{section.B.8}{\376\377\000I\000n\000t\000e\000r\000a\000c\000t\000i\000o\000n\000\040\000T\000e\000r\000m\000s}{appendix.B}% 554
\BOOKMARK [1][-]{section.B.9}{\376\377\000R\000e\000p\000a\000i\000r\000\040\000D\000e\000n\000s\000i\000t\000y}{appendix.B}% 555
\BOOKMARK [1][-]{section.B.10}{\376\377\000O\000r\000g\000a\000n\000i\000z\000a\000t\000i\000o\000n\000a\000l\000\040\000V\000i\000o\000l\000a\000t\000i\000o\000n}{appendix.B}% 556
\BOOKMARK [1][-]{section.B.11}{\376\377\000E\000u\000l\000e\000r\040\023\000L\000a\000g\000r\000a\000n\000g\000e\000\040\000E\000q\000u\000a\000t\000i\000o\000n\000s}{appendix.B}% 557
\BOOKMARK [1][-]{section.B.12}{\376\377\000S\000t\000r\000e\000s\000s\040\023\000E\000n\000e\000r\000g\000y\000\040\000T\000e\000n\000s\000o\000r}{appendix.B}% 558
\BOOKMARK [1][-]{section.B.13}{\376\377\000C\000o\000n\000s\000e\000r\000v\000a\000t\000i\000o\000n\000\040\000L\000a\000w\000s}{appendix.B}% 559
\BOOKMARK [1][-]{section.B.14}{\376\377\000B\000o\000u\000n\000d\000a\000r\000y\000\040\000T\000e\000r\000m\000s}{appendix.B}% 560
\BOOKMARK [1][-]{section.B.15}{\376\377\000S\000y\000m\000m\000e\000t\000r\000i\000e\000s}{appendix.B}% 561
\BOOKMARK [1][-]{section.B.16}{\376\377\000T\000h\000e\000\040\000A\000d\000m\000i\000s\000s\000i\000b\000l\000e\000\040\000L\000i\000m\000i\000t}{appendix.B}% 562
\BOOKMARK [1][-]{section.B.17}{\376\377\000D\000i\000s\000c\000u\000s\000s\000i\000o\000n}{appendix.B}% 563
\BOOKMARK [0][-]{appendix.C}{\376\377\000S\000t\000a\000b\000i\000l\000i\000t\000y\000\040\000a\000n\000d\000\040\000L\000y\000a\000p\000u\000n\000o\000v\000\040\000T\000h\000e\000o\000r\000y}{part.5}% 564
\BOOKMARK [1][-]{section.C.1}{\376\377\000P\000u\000r\000p\000o\000s\000e}{appendix.C}% 565
\BOOKMARK [1][-]{section.C.2}{\376\377\000O\000r\000g\000a\000n\000i\000z\000a\000t\000i\000o\000n\000a\000l\000\040\000D\000y\000n\000a\000m\000i\000c\000s}{appendix.C}% 566
\BOOKMARK [1][-]{section.C.3}{\376\377\000E\000q\000u\000i\000l\000i\000b\000r\000i\000u\000m\000\040\000S\000t\000a\000t\000e\000s}{appendix.C}% 567
\BOOKMARK [1][-]{section.C.4}{\376\377\000L\000y\000a\000p\000u\000n\000o\000v\000\040\000F\000u\000n\000c\000t\000i\000o\000n\000s}{appendix.C}% 568
\BOOKMARK [1][-]{section.C.5}{\376\377\000R\000e\000p\000a\000i\000r\000\040\000L\000y\000a\000p\000u\000n\000o\000v\000\040\000F\000u\000n\000c\000t\000i\000o\000n\000s}{appendix.C}% 569
\BOOKMARK [1][-]{section.C.6}{\376\377\000L\000o\000c\000a\000l\000\040\000S\000t\000a\000b\000i\000l\000i\000t\000y}{appendix.C}% 570
\BOOKMARK [1][-]{section.C.7}{\376\377\000A\000s\000y\000m\000p\000t\000o\000t\000i\000c\000\040\000S\000t\000a\000b\000i\000l\000i\000t\000y}{appendix.C}% 571
\BOOKMARK [1][-]{section.C.8}{\376\377\000O\000r\000g\000a\000n\000i\000z\000a\000t\000i\000o\000n\000a\000l\000\040\000A\000t\000t\000r\000a\000c\000t\000o\000r\000s}{appendix.C}% 572
\BOOKMARK [1][-]{section.C.9}{\376\377\000L\000i\000m\000i\000t\000\040\000C\000y\000c\000l\000e\000s}{appendix.C}% 573
\BOOKMARK [1][-]{section.C.10}{\376\377\000B\000i\000f\000u\000r\000c\000a\000t\000i\000o\000n\000s}{appendix.C}% 574
\BOOKMARK [1][-]{section.C.11}{\376\377\000C\000a\000t\000a\000s\000t\000r\000o\000p\000h\000e}{appendix.C}% 575
\BOOKMARK [1][-]{section.C.12}{\376\377\000G\000l\000o\000b\000a\000l\000\040\000S\000t\000a\000b\000i\000l\000i\000t\000y}{appendix.C}% 576
\BOOKMARK [1][-]{section.C.13}{\376\377\000R\000e\000p\000a\000i\000r\000\040\000B\000a\000s\000i\000n\000s}{appendix.C}% 577
\BOOKMARK [1][-]{section.C.14}{\376\377\000T\000e\000r\000m\000i\000n\000a\000t\000i\000o\000n}{appendix.C}% 578
\BOOKMARK [1][-]{section.C.15}{\376\377\000S\000t\000a\000b\000i\000l\000i\000t\000y\000\040\000H\000i\000e\000r\000a\000r\000c\000h\000y}{appendix.C}% 579
\BOOKMARK [1][-]{section.C.16}{\376\377\000T\000o\000w\000a\000r\000d\000\040\000t\000h\000e\000\040\000F\000u\000n\000d\000a\000m\000e\000n\000t\000a\000l\000\040\000C\000o\000n\000t\000i\000n\000u\000a\000t\000i\000o\000n\000\040\000T\000h\000e\000o\000r\000e\000m}{appendix.C}% 580
\BOOKMARK [1][-]{section.C.17}{\376\377\000D\000i\000s\000c\000u\000s\000s\000i\000o\000n}{appendix.C}% 581
\BOOKMARK [0][-]{appendix.D}{\376\377\000C\000a\000t\000e\000g\000o\000r\000y\000\040\000T\000h\000e\000o\000r\000y}{part.5}% 582
\BOOKMARK [1][-]{section.D.1}{\376\377\000P\000u\000r\000p\000o\000s\000e}{appendix.D}% 583
\BOOKMARK [1][-]{section.D.2}{\376\377\000O\000b\000j\000e\000c\000t\000s}{appendix.D}% 584
\BOOKMARK [1][-]{section.D.3}{\376\377\000M\000o\000r\000p\000h\000i\000s\000m\000s}{appendix.D}% 585
\BOOKMARK [1][-]{section.D.4}{\376\377\000I\000d\000e\000n\000t\000i\000t\000y\000\040\000M\000o\000r\000p\000h\000i\000s\000m\000s}{appendix.D}% 586
\BOOKMARK [1][-]{section.D.5}{\376\377\000C\000o\000m\000p\000o\000s\000i\000t\000i\000o\000n}{appendix.D}% 587
\BOOKMARK [1][-]{section.D.6}{\376\377\000I\000s\000o\000m\000o\000r\000p\000h\000i\000s\000m\000s}{appendix.D}% 588
\BOOKMARK [1][-]{section.D.7}{\376\377\000P\000r\000o\000d\000u\000c\000t\000s}{appendix.D}% 589
\BOOKMARK [1][-]{section.D.8}{\376\377\000C\000o\000p\000r\000o\000d\000u\000c\000t\000s}{appendix.D}% 590
\BOOKMARK [1][-]{section.D.9}{\376\377\000T\000e\000r\000m\000i\000n\000a\000l\000\040\000O\000b\000j\000e\000c\000t\000s}{appendix.D}% 591
\BOOKMARK [1][-]{section.D.10}{\376\377\000I\000n\000i\000t\000i\000a\000l\000\040\000O\000b\000j\000e\000c\000t\000s}{appendix.D}% 592
\BOOKMARK [1][-]{section.D.11}{\376\377\000E\000q\000u\000a\000l\000i\000z\000e\000r\000s}{appendix.D}% 593
\BOOKMARK [1][-]{section.D.12}{\376\377\000P\000u\000l\000l\000b\000a\000c\000k\000s}{appendix.D}% 594
\BOOKMARK [1][-]{section.D.13}{\376\377\000P\000u\000s\000h\000o\000u\000t\000s}{appendix.D}% 595
\BOOKMARK [1][-]{section.D.14}{\376\377\000F\000u\000n\000c\000t\000o\000r\000s}{appendix.D}% 596
\BOOKMARK [1][-]{section.D.15}{\376\377\000N\000a\000t\000u\000r\000a\000l\000\040\000T\000r\000a\000n\000s\000f\000o\000r\000m\000a\000t\000i\000o\000n\000s}{appendix.D}% 597
\BOOKMARK [1][-]{section.D.16}{\376\377\000L\000i\000m\000i\000t\000s\000\040\000a\000n\000d\000\040\000C\000o\000l\000i\000m\000i\000t\000s}{appendix.D}% 598
\BOOKMARK [1][-]{section.D.17}{\376\377\000T\000o\000w\000a\000r\000d\000\040\000a\000n\000\040\000I\000n\000t\000e\000r\000n\000a\000l\000\040\000T\000h\000e\000o\000r\000y}{appendix.D}% 599
\BOOKMARK [1][-]{section.D.18}{\376\377\000D\000i\000s\000c\000u\000s\000s\000i\000o\000n}{appendix.D}% 600
\BOOKMARK [0][-]{appendix.E}{\376\377\000S\000h\000e\000a\000f\000\040\000T\000h\000e\000o\000r\000y}{part.5}% 601
\BOOKMARK [1][-]{section.E.1}{\376\377\000P\000u\000r\000p\000o\000s\000e}{appendix.E}% 602
\BOOKMARK [1][-]{section.E.2}{\376\377\000L\000o\000c\000a\000l\000\040\000O\000r\000g\000a\000n\000i\000z\000a\000t\000i\000o\000n}{appendix.E}% 603
\BOOKMARK [1][-]{section.E.3}{\376\377\000P\000r\000e\000s\000h\000e\000a\000v\000e\000s}{appendix.E}% 604
\BOOKMARK [1][-]{section.E.4}{\376\377\000S\000e\000c\000t\000i\000o\000n\000s}{appendix.E}% 605
\BOOKMARK [1][-]{section.E.5}{\376\377\000R\000e\000s\000t\000r\000i\000c\000t\000i\000o\000n}{appendix.E}% 606
\BOOKMARK [1][-]{section.E.6}{\376\377\000T\000h\000e\000\040\000S\000h\000e\000a\000f\000\040\000A\000x\000i\000o\000m\000s}{appendix.E}% 607
\BOOKMARK [1][-]{section.E.7}{\376\377\000O\000r\000g\000a\000n\000i\000z\000a\000t\000i\000o\000n\000a\000l\000\040\000G\000l\000u\000i\000n\000g}{appendix.E}% 608
\BOOKMARK [1][-]{section.E.8}{\376\377\000F\000a\000i\000l\000u\000r\000e\000\040\000o\000f\000\040\000G\000l\000u\000i\000n\000g}{appendix.E}% 609
\BOOKMARK [1][-]{section.E.9}{\376\377\000S\000t\000a\000l\000k\000s}{appendix.E}% 610
\BOOKMARK [1][-]{section.E.10}{\376\377\000M\000o\000r\000p\000h\000i\000s\000m\000s\000\040\000o\000f\000\040\000S\000h\000e\000a\000v\000e\000s}{appendix.E}% 611
\BOOKMARK [1][-]{section.E.11}{\376\377\000S\000h\000e\000a\000f\000\040\000C\000o\000h\000o\000m\000o\000l\000o\000g\000y}{appendix.E}% 612
\BOOKMARK [1][-]{section.E.12}{\376\377\000R\000e\000p\000a\000i\000r\000\040\000a\000s\000\040\000L\000o\000c\000a\000l\000\040\000R\000e\000c\000o\000n\000s\000t\000r\000u\000c\000t\000i\000o\000n}{appendix.E}% 613
\BOOKMARK [1][-]{section.E.13}{\376\377\000D\000i\000s\000t\000r\000i\000b\000u\000t\000e\000d\000\040\000S\000y\000s\000t\000e\000m\000s}{appendix.E}% 614
\BOOKMARK [1][-]{section.E.14}{\376\377\000D\000i\000a\000g\000n\000o\000s\000t\000i\000c\000\040\000C\000o\000o\000r\000d\000i\000n\000a\000t\000e\000s}{appendix.E}% 615
\BOOKMARK [1][-]{section.E.15}{\376\377\000F\000i\000e\000l\000d\000\040\000T\000h\000e\000o\000r\000y}{appendix.E}% 616
\BOOKMARK [1][-]{section.E.16}{\376\377\000T\000o\000w\000a\000r\000d\000\040\000a\000\040\000S\000h\000e\000a\000f\000\040\000o\000f\000\040\000A\000d\000m\000i\000s\000s\000i\000b\000i\000l\000i\000t\000y}{appendix.E}% 617
\BOOKMARK [1][-]{section.E.17}{\376\377\000D\000i\000s\000c\000u\000s\000s\000i\000o\000n}{appendix.E}% 618
\BOOKMARK [0][-]{appendix.F}{\376\377\000I\000n\000f\000o\000r\000m\000a\000t\000i\000o\000n\000\040\000G\000e\000o\000m\000e\000t\000r\000y}{part.5}% 619
\BOOKMARK [1][-]{section.F.1}{\376\377\000P\000u\000r\000p\000o\000s\000e}{appendix.F}% 620
\BOOKMARK [1][-]{section.F.2}{\376\377\000T\000h\000e\000\040\000O\000r\000g\000a\000n\000i\000z\000a\000t\000i\000o\000n\000a\000l\000\040\000M\000a\000n\000i\000f\000o\000l\000d}{appendix.F}% 621
\BOOKMARK [1][-]{section.F.3}{\376\377\000O\000r\000g\000a\000n\000i\000z\000a\000t\000i\000o\000n\000a\000l\000\040\000M\000e\000t\000r\000i\000c\000s}{appendix.F}% 622
\BOOKMARK [1][-]{section.F.4}{\376\377\000T\000h\000e\000\040\000F\000i\000s\000h\000e\000r\000\040\000M\000e\000t\000r\000i\000c}{appendix.F}% 623
\BOOKMARK [1][-]{section.F.5}{\376\377\000G\000e\000o\000d\000e\000s\000i\000c\000s}{appendix.F}% 624
\BOOKMARK [1][-]{section.F.6}{\376\377\000C\000o\000n\000n\000e\000c\000t\000i\000o\000n}{appendix.F}% 625
\BOOKMARK [1][-]{section.F.7}{\376\377\000O\000r\000g\000a\000n\000i\000z\000a\000t\000i\000o\000n\000a\000l\000\040\000C\000u\000r\000v\000a\000t\000u\000r\000e}{appendix.F}% 626
\BOOKMARK [1][-]{section.F.8}{\376\377\000I\000n\000f\000o\000r\000m\000a\000t\000i\000o\000n\000\040\000F\000l\000o\000w}{appendix.F}% 627
\BOOKMARK [1][-]{section.F.9}{\376\377\000R\000e\000p\000a\000i\000r\000\040\000G\000r\000a\000d\000i\000e\000n\000t\000s}{appendix.F}% 628
\BOOKMARK [1][-]{section.F.10}{\376\377\000E\000n\000t\000r\000o\000p\000y\000\040\000G\000e\000o\000m\000e\000t\000r\000y}{appendix.F}% 629
\BOOKMARK [1][-]{section.F.11}{\376\377\000R\000e\000a\000c\000h\000a\000b\000i\000l\000i\000t\000y\000\040\000V\000o\000l\000u\000m\000e}{appendix.F}% 630
\BOOKMARK [1][-]{section.F.12}{\376\377\000C\000u\000r\000v\000a\000t\000u\000r\000e\000\040\000a\000n\000d\000\040\000R\000e\000p\000a\000i\000r}{appendix.F}% 631
\BOOKMARK [1][-]{section.F.13}{\376\377\000I\000n\000f\000o\000r\000m\000a\000t\000i\000o\000n\000\040\000S\000i\000n\000g\000u\000l\000a\000r\000i\000t\000i\000e\000s}{appendix.F}% 632
\BOOKMARK [1][-]{section.F.14}{\376\377\000C\000o\000m\000p\000a\000r\000i\000s\000o\000n\000\040\000w\000i\000t\000h\000\040\000C\000l\000a\000s\000s\000i\000c\000a\000l\000\040\000I\000n\000f\000o\000r\000m\000a\000t\000i\000o\000n\000\040\000G\000e\000o\000m\000e\000t\000r\000y}{appendix.F}% 633
\BOOKMARK [1][-]{section.F.15}{\376\377\000T\000o\000w\000a\000r\000d\000\040\000O\000r\000g\000a\000n\000i\000z\000a\000t\000i\000o\000n\000a\000l\000\040\000G\000e\000o\000m\000e\000t\000r\000y}{appendix.F}% 634
\BOOKMARK [1][-]{section.F.16}{\376\377\000D\000i\000s\000c\000u\000s\000s\000i\000o\000n}{appendix.F}% 635
\BOOKMARK [0][-]{appendix.G}{\376\377\000C\000o\000m\000p\000u\000t\000a\000t\000i\000o\000n\000a\000l\000\040\000S\000e\000m\000a\000n\000t\000i\000c\000s}{part.5}% 636
\BOOKMARK [1][-]{section.G.1}{\376\377\000P\000u\000r\000p\000o\000s\000e}{appendix.G}% 637
\BOOKMARK [1][-]{section.G.2}{\376\377\000C\000o\000m\000p\000u\000t\000a\000t\000i\000o\000n\000a\000l\000\040\000S\000t\000a\000t\000e\000s}{appendix.G}% 638
\BOOKMARK [1][-]{section.G.3}{\376\377\000C\000o\000m\000p\000u\000t\000a\000t\000i\000o\000n\000a\000l\000\040\000A\000d\000m\000i\000s\000s\000i\000b\000i\000l\000i\000t\000y}{appendix.G}% 639
\BOOKMARK [1][-]{section.G.4}{\376\377\000O\000r\000g\000a\000n\000i\000z\000a\000t\000i\000o\000n\000a\000l\000\040\000E\000v\000e\000n\000t\000s}{appendix.G}% 640
\BOOKMARK [1][-]{section.G.5}{\376\377\000S\000p\000h\000e\000r\000e\000p\000o\000p}{appendix.G}% 641
\BOOKMARK [1][-]{section.G.6}{\376\377\000F\000o\000r\000m\000a\000t\000i\000o\000n}{appendix.G}% 642
\BOOKMARK [1][-]{section.G.7}{\376\377\000B\000i\000n\000d\000i\000n\000g}{appendix.G}% 643
\BOOKMARK [1][-]{section.G.8}{\376\377\000C\000o\000l\000l\000a\000p\000s\000e}{appendix.G}% 644
\BOOKMARK [1][-]{section.G.9}{\376\377\000R\000e\000f\000u\000s\000a\000l}{appendix.G}% 645
\BOOKMARK [1][-]{section.G.10}{\376\377\000R\000e\000p\000a\000i\000r}{appendix.G}% 646
\BOOKMARK [1][-]{section.G.11}{\376\377\000F\000l\000o\000w\000\040\000C\000o\000m\000p\000u\000t\000i\000n\000g}{appendix.G}% 647
\BOOKMARK [1][-]{section.G.12}{\376\377\000O\000w\000n\000e\000r\000s\000h\000i\000p}{appendix.G}% 648
\BOOKMARK [1][-]{section.G.13}{\376\377\000T\000y\000p\000e\000s}{appendix.G}% 649
\BOOKMARK [1][-]{section.G.14}{\376\377\000C\000o\000n\000t\000i\000n\000u\000a\000t\000i\000o\000n\000\040\000S\000e\000m\000a\000n\000t\000i\000c\000s}{appendix.G}% 650
\BOOKMARK [1][-]{section.G.15}{\376\377\000D\000i\000s\000t\000r\000i\000b\000u\000t\000e\000d\000\040\000C\000o\000m\000p\000u\000t\000a\000t\000i\000o\000n}{appendix.G}% 651
\BOOKMARK [1][-]{section.G.16}{\376\377\000A\000r\000t\000i\000f\000i\000c\000i\000a\000l\000\040\000I\000n\000t\000e\000l\000l\000i\000g\000e\000n\000c\000e}{appendix.G}% 652
\BOOKMARK [1][-]{section.G.17}{\376\377\000V\000e\000r\000i\000f\000i\000c\000a\000t\000i\000o\000n}{appendix.G}% 653
\BOOKMARK [1][-]{section.G.18}{\376\377\000T\000o\000w\000a\000r\000d\000\040\000a\000\040\000U\000n\000i\000f\000i\000e\000d\000\040\000C\000o\000m\000p\000u\000t\000a\000t\000i\000o\000n\000a\000l\000\040\000T\000h\000e\000o\000r\000y}{appendix.G}% 654
\BOOKMARK [1][-]{section.G.19}{\376\377\000D\000i\000s\000c\000u\000s\000s\000i\000o\000n}{appendix.G}% 655
\BOOKMARK [0][-]{appendix.H}{\376\377\000T\000h\000e\000\040\000D\000e\000v\000e\000l\000o\000p\000m\000e\000n\000t\000\040\000o\000f\000\040\000t\000h\000e\000\040\000R\000e\000s\000e\000a\000r\000c\000h\000\040\000P\000r\000o\000g\000r\000a\000m}{part.5}% 656
\BOOKMARK [1][-]{section.H.1}{\376\377\000P\000u\000r\000p\000o\000s\000e\000\040\000o\000f\000\040\000T\000h\000i\000s\000\040\000A\000p\000p\000e\000n\000d\000i\000x}{appendix.H}% 657
\BOOKMARK [1][-]{section.H.2}{\376\377\000D\000i\000s\000t\000i\000n\000c\000t\000i\000o\000n\000\040\000B\000e\000f\000o\000r\000e\000\040\000O\000b\000j\000e\000c\000t}{appendix.H}% 658
\BOOKMARK [1][-]{section.H.3}{\376\377\000I\000n\000f\000o\000r\000m\000a\000t\000i\000o\000n\000,\000\040\000E\000n\000t\000r\000o\000p\000y\000,\000\040\000a\000n\000d\000\040\000H\000i\000s\000t\000o\000r\000i\000c\000a\000l\000\040\000C\000o\000m\000p\000r\000e\000s\000s\000i\000o\000n}{appendix.H}% 659
\BOOKMARK [1][-]{section.H.4}{\376\377\000R\000e\000c\000o\000v\000e\000r\000a\000b\000i\000l\000i\000t\000y\000\040\000a\000n\000d\000\040\000M\000e\000m\000o\000r\000y}{appendix.H}% 660
\BOOKMARK [1][-]{section.H.5}{\376\377\000R\000e\000p\000a\000i\000r\000\040\000a\000s\000\040\000a\000\040\000P\000r\000i\000m\000i\000t\000i\000v\000e\000\040\000O\000p\000e\000r\000a\000t\000i\000o\000n}{appendix.H}% 661
\BOOKMARK [1][-]{section.H.6}{\376\377\000G\000e\000o\000m\000e\000t\000r\000y\000\040\000o\000f\000\040\000F\000a\000i\000l\000u\000r\000e}{appendix.H}% 662
\BOOKMARK [1][-]{section.H.7}{\376\377\000R\000e\000a\000c\000h\000a\000b\000i\000l\000i\000t\000y\000\040\000O\000n\000t\000o\000l\000o\000g\000y}{appendix.H}% 663
\BOOKMARK [1][-]{section.H.8}{\376\377\000A\000d\000m\000i\000s\000s\000i\000b\000i\000l\000i\000t\000y}{appendix.H}% 664
\BOOKMARK [1][-]{section.H.9}{\376\377\000C\000o\000n\000t\000i\000n\000u\000a\000t\000i\000o\000n}{appendix.H}% 665
\BOOKMARK [1][-]{section.H.10}{\376\377\000T\000h\000e\000\040\000P\000h\000y\000s\000i\000c\000a\000l\000\040\000B\000r\000a\000n\000c\000h\000:\000\040\000R\000S\000V\000P}{appendix.H}% 666
\BOOKMARK [1][-]{section.H.11}{\376\377\000T\000h\000e\000\040\000C\000o\000m\000p\000u\000t\000a\000t\000i\000o\000n\000a\000l\000\040\000B\000r\000a\000n\000c\000h\000:\000\040\000F\000l\000o\000w\000\040\000C\000o\000m\000p\000u\000t\000i\000n\000g\000\040\000a\000n\000d\000\040\000S\000p\000h\000e\000r\000e\000p\000o\000p}{appendix.H}% 667
\BOOKMARK [1][-]{section.H.12}{\376\377\000T\000h\000e\000\040\000E\000p\000i\000s\000t\000e\000m\000i\000c\000\040\000B\000r\000a\000n\000c\000h\000:\000\040\000C\000L\000I\000O\000\040\000a\000n\000d\000\040\000S\000e\000m\000a\000n\000t\000i\000c\000\040\000G\000e\000o\000m\000e\000t\000r\000y}{appendix.H}% 668
\BOOKMARK [1][-]{section.H.13}{\376\377\000C\000o\000g\000n\000i\000t\000i\000o\000n\000,\000\040\000P\000r\000e\000f\000e\000r\000e\000n\000c\000e\000,\000\040\000a\000n\000d\000\040\000A\000c\000t\000i\000v\000e\000\040\000I\000n\000f\000e\000r\000e\000n\000c\000e}{appendix.H}% 669
\BOOKMARK [1][-]{section.H.14}{\376\377\000C\000o\000l\000l\000e\000c\000t\000i\000v\000e\000\040\000A\000r\000c\000h\000i\000t\000e\000c\000t\000u\000r\000e\000s\000:\000\040\000H\000Y\000D\000R\000A\000\040\000a\000n\000d\000\040\000T\000A\000R\000T\000A\000N}{appendix.H}% 670
\BOOKMARK [1][-]{section.H.15}{\376\377\000E\000c\000o\000n\000o\000m\000i\000c\000\040\000a\000n\000d\000\040\000I\000n\000s\000t\000i\000t\000u\000t\000i\000o\000n\000a\000l\000\040\000R\000e\000a\000c\000h\000a\000b\000i\000l\000i\000t\000y}{appendix.H}% 671
\BOOKMARK [1][-]{section.H.16}{\376\377\000T\000h\000e\000\040\000E\000c\000o\000l\000o\000g\000y\000\040\000o\000f\000\040\000D\000i\000s\000t\000i\000n\000c\000t\000i\000o\000n\000s}{appendix.H}% 672
\BOOKMARK [1][-]{section.H.17}{\376\377\000P\000r\000o\000c\000e\000d\000u\000r\000a\000l\000\040\000O\000n\000t\000o\000l\000o\000g\000y\000\040\000a\000n\000d\000\040\000R\000e\000c\000u\000r\000s\000i\000v\000e\000\040\000C\000o\000n\000t\000i\000n\000u\000a\000t\000i\000o\000n}{appendix.H}% 673
\BOOKMARK [1][-]{section.H.18}{\376\377\000I\000m\000p\000l\000e\000m\000e\000n\000t\000a\000t\000i\000o\000n\000\040\000a\000s\000\040\000C\000o\000n\000c\000e\000p\000t\000u\000a\000l\000\040\000T\000e\000s\000t\000i\000n\000g}{appendix.H}% 674
\BOOKMARK [1][-]{section.H.19}{\376\377\000E\000m\000p\000i\000r\000i\000c\000a\000l\000\040\000D\000i\000s\000c\000i\000p\000l\000i\000n\000e}{appendix.H}% 675
\BOOKMARK [1][-]{section.H.20}{\376\377\000T\000h\000e\000\040\000P\000r\000e\000s\000e\000n\000t\000\040\000S\000y\000n\000t\000h\000e\000s\000i\000s}{appendix.H}% 676
\BOOKMARK [1][-]{section.H.21}{\376\377\000D\000e\000p\000e\000n\000d\000e\000n\000c\000y\000\040\000S\000t\000r\000u\000c\000t\000u\000r\000e}{appendix.H}% 677
\BOOKMARK [1][-]{section.H.22}{\376\377\000C\000o\000n\000c\000l\000u\000s\000i\000o\000n}{appendix.H}% 678
\BOOKMARK [0][-]{appendix.I}{\376\377\000N\000o\000t\000a\000t\000i\000o\000n\000\040\000a\000n\000d\000\040\000C\000o\000n\000v\000e\000n\000t\000i\000o\000n\000s}{part.5}% 679
\BOOKMARK [1][-]{section.I.1}{\376\377\000P\000u\000r\000p\000o\000s\000e}{appendix.I}% 680
\BOOKMARK [1][-]{section.I.2}{\376\377\000G\000e\000n\000e\000r\000a\000l\000\040\000C\000o\000n\000v\000e\000n\000t\000i\000o\000n\000s}{appendix.I}% 681
\BOOKMARK [1][-]{section.I.3}{\376\377\000S\000e\000t\000s\000\040\000a\000n\000d\000\040\000S\000p\000a\000c\000e\000s}{appendix.I}% 682
\BOOKMARK [1][-]{section.I.4}{\376\377\000P\000r\000i\000n\000c\000i\000p\000a\000l\000\040\000F\000i\000e\000l\000d\000s}{appendix.I}% 683
\BOOKMARK [1][-]{section.I.5}{\376\377\000O\000r\000g\000a\000n\000i\000z\000a\000t\000i\000o\000n\000\040\000a\000n\000d\000\040\000R\000e\000p\000a\000i\000r}{appendix.I}% 684
\BOOKMARK [1][-]{section.I.6}{\376\377\000V\000a\000r\000i\000a\000t\000i\000o\000n\000a\000l\000\040\000Q\000u\000a\000n\000t\000i\000t\000i\000e\000s}{appendix.I}% 685
\BOOKMARK [1][-]{section.I.7}{\376\377\000T\000o\000p\000o\000l\000o\000g\000y}{appendix.I}% 686
\BOOKMARK [1][-]{section.I.8}{\376\377\000C\000a\000t\000e\000g\000o\000r\000y\000\040\000T\000h\000e\000o\000r\000y}{appendix.I}% 687
\BOOKMARK [1][-]{section.I.9}{\376\377\000S\000h\000e\000a\000f\000\040\000T\000h\000e\000o\000r\000y}{appendix.I}% 688
\BOOKMARK [1][-]{section.I.10}{\376\377\000I\000n\000f\000o\000r\000m\000a\000t\000i\000o\000n\000\040\000G\000e\000o\000m\000e\000t\000r\000y}{appendix.I}% 689
\BOOKMARK [1][-]{section.I.11}{\376\377\000C\000o\000m\000p\000u\000t\000a\000t\000i\000o\000n}{appendix.I}% 690
\BOOKMARK [1][-]{section.I.12}{\376\377\000B\000i\000o\000l\000o\000g\000y\000\040\000a\000n\000d\000\040\000C\000o\000g\000n\000i\000t\000i\000o\000n}{appendix.I}% 691
\BOOKMARK [1][-]{section.I.13}{\376\377\000E\000c\000o\000n\000o\000m\000i\000c\000s\000\040\000a\000n\000d\000\040\000S\000o\000c\000i\000e\000t\000y}{appendix.I}% 692
\BOOKMARK [1][-]{section.I.14}{\376\377\000L\000o\000g\000i\000c\000a\000l\000\040\000S\000y\000m\000b\000o\000l\000s}{appendix.I}% 693
\BOOKMARK [1][-]{section.I.15}{\376\377\000N\000a\000m\000i\000n\000g\000\040\000C\000o\000n\000v\000e\000n\000t\000i\000o\000n\000s}{appendix.I}% 694
\BOOKMARK [1][-]{section.I.16}{\376\377\000C\000l\000o\000s\000i\000n\000g\000\040\000R\000e\000m\000a\000r\000k\000s}{appendix.I}% 695
\BOOKMARK [0][-]{appendix.J}{\376\377\000A\000n\000n\000o\000t\000a\000t\000e\000d\000\040\000B\000i\000b\000l\000i\000o\000g\000r\000a\000p\000h\000y}{part.5}% 696
\BOOKMARK [1][-]{section.J.1}{\376\377\000O\000u\000t\000l\000i\000n\000e}{appendix.J}% 697
